2026-09-17 10:45:02.929 +03:00 [INF] [] User profile is available. Using 'C:\Users\aalhasani\AppData\Local\ASP.NET\DataProtection-Keys' as key repository and Windows DPAPI to encrypt keys at rest.
2026-09-17 10:45:03.181 +03:00 [INF] [] Now listening on: http://localhost:5155
2026-09-17 10:45:03.281 +03:00 [INF] [] Application started. Press Ctrl+C to shut down.
2026-09-17 10:45:03.282 +03:00 [INF] [] Hosting environment: Development
2026-09-17 10:45:03.284 +03:00 [INF] [] Content root path: C:\Abdulmajeed_Project\ASP.NETCore\MovieManager\MovieManager.UI
2026-09-17 10:45:05.676 +03:00 [INF] [] Request starting HTTP/1.1 GET http://localhost:5155/ - null null
2026-09-17 10:45:05.976 +03:00 [INF] [] HTTP GET / responded 404 in 93.7101 ms
2026-09-17 10:45:05.995 +03:00 [INF] [] Request finished HTTP/1.1 GET http://localhost:5155/ - 404 null null 342.6707ms
2026-09-17 10:45:06.001 +03:00 [INF] [] Request reached the end of the middleware pipeline without being handled by application code. Request path: GET http://localhost:5155/, Response status code: 404
2026-09-17 10:45:38.606 +03:00 [INF] [] Request starting HTTP/1.1 GET http://localhost:5155/api/v1/movies/popular - null null
2026-09-17 10:45:38.627 +03:00 [INF] [] Executing endpoint 'MJDVerse.API.Controllers.MoviesController.GetPopularMovies (MJDVerse.API)'
2026-09-17 10:45:38.681 +03:00 [INF] [] Route matched with {action = "GetPopularMovies", controller = "Movies"}. Executing controller action with signature System.Threading.Tasks.Task`1[Microsoft.AspNetCore.Mvc.IActionResult] GetPopularMovies() on controller MJDVerse.API.Controllers.MoviesController (MJDVerse.API).
2026-09-17 10:45:39.112 +03:00 [INF] [] Start processing HTTP request GET https://api.themoviedb.org/3/movie/popular?*
2026-09-17 10:45:39.126 +03:00 [INF] [] Sending HTTP request GET https://api.themoviedb.org/3/movie/popular?*
2026-09-17 10:45:40.320 +03:00 [INF] [] Received HTTP response headers after 1188.5955ms - 200
2026-09-17 10:45:40.323 +03:00 [INF] [] End processing HTTP request after 1225.4766ms - 200
2026-09-17 10:45:40.365 +03:00 [INF] [] Executing OkObjectResult, writing value of type 'System.Collections.Generic.List`1[[TmdbMovieDto, MJDVerse.Application, Version=1.0.0.0, Culture=neutral, PublicKeyToken=null]]'.
2026-09-17 10:45:40.382 +03:00 [INF] [] Executed action MJDVerse.API.Controllers.MoviesController.GetPopularMovies (MJDVerse.API) in 1694.9455ms
2026-09-17 10:45:40.385 +03:00 [INF] [] Executed endpoint 'MJDVerse.API.Controllers.MoviesController.GetPopularMovies (MJDVerse.API)'
2026-09-17 10:45:40.388 +03:00 [INF] [] HTTP GET /api/v1/movies/popular responded 200 in 1771.5663 ms
2026-09-17 10:45:40.394 +03:00 [INF] [] Request finished HTTP/1.1 GET http://localhost:5155/api/v1/movies/popular - 200 null application/json; charset=utf-8 1789.0605ms
2026-09-17 11:03:56.439 +03:00 [INF] [] User profile is available. Using 'C:\Users\aalhasani\AppData\Local\ASP.NET\DataProtection-Keys' as key repository and Windows DPAPI to encrypt keys at rest.
2026-09-17 11:03:56.623 +03:00 [INF] [] Now listening on: http://localhost:5155
2026-09-17 11:03:56.730 +03:00 [INF] [] Application started. Press Ctrl+C to shut down.
2026-09-17 11:03:56.731 +03:00 [INF] [] Hosting environment: Development
2026-09-17 11:03:56.732 +03:00 [INF] [] Content root path: C:\Abdulmajeed_Project\ASP.NETCore\MovieManager\MovieManager.UI
2026-09-17 11:03:57.816 +03:00 [INF] [] Request starting HTTP/1.1 GET http://localhost:5155/ - null null
2026-09-17 11:03:58.035 +03:00 [INF] [] HTTP GET / responded 404 in 87.4822 ms
2026-09-17 11:03:58.052 +03:00 [INF] [] Request finished HTTP/1.1 GET http://localhost:5155/ - 404 null null 254.7094ms
2026-09-17 11:03:58.058 +03:00 [INF] [] Request reached the end of the middleware pipeline without being handled by application code. Request path: GET http://localhost:5155/, Response status code: 404
2026-09-17 11:04:20.087 +03:00 [INF] [] Request starting HTTP/1.1 GET http://localhost:5155/api/v1/movies/genres - null null
2026-09-17 11:04:20.106 +03:00 [INF] [] Executing endpoint 'MJDVerse.API.Controllers.MoviesController.GetGenres (MJDVerse.API)'
2026-09-17 11:04:20.154 +03:00 [INF] [] Route matched with {action = "GetGenres", controller = "Movies"}. Executing controller action with signature System.Threading.Tasks.Task`1[Microsoft.AspNetCore.Mvc.IActionResult] GetGenres() on controller MJDVerse.API.Controllers.MoviesController (MJDVerse.API).
2026-09-17 11:04:20.326 +03:00 [INF] [] Start processing HTTP request GET https://api.themoviedb.org/3/genre/movie/list?*
2026-09-17 11:04:20.333 +03:00 [INF] [] Sending HTTP request GET https://api.themoviedb.org/3/genre/movie/list?*
2026-09-17 11:04:20.814 +03:00 [INF] [] Received HTTP response headers after 476.5827ms - 200
2026-09-17 11:04:20.817 +03:00 [INF] [] End processing HTTP request after 493.3607ms - 200
2026-09-17 11:04:20.839 +03:00 [INF] [] Executing OkObjectResult, writing value of type 'System.Collections.Generic.List`1[[MJDVerse.Application.DTOs.Movies.TmdbGenreDto, MJDVerse.Application, Version=1.0.0.0, Culture=neutral, PublicKeyToken=null]]'.
2026-09-17 11:04:20.848 +03:00 [INF] [] Executed action MJDVerse.API.Controllers.MoviesController.GetGenres (MJDVerse.API) in 687.1227ms
2026-09-17 11:04:20.850 +03:00 [INF] [] Executed endpoint 'MJDVerse.API.Controllers.MoviesController.GetGenres (MJDVerse.API)'
2026-09-17 11:04:20.853 +03:00 [INF] [] HTTP GET /api/v1/movies/genres responded 200 in 759.5181 ms
2026-09-17 11:04:20.857 +03:00 [INF] [] Request finished HTTP/1.1 GET http://localhost:5155/api/v1/movies/genres - 200 null application/json; charset=utf-8 770.8369ms
2026-09-17 13:36:59.346 +03:00 [INF] [] User profile is available. Using 'C:\Users\aalhasani\AppData\Local\ASP.NET\DataProtection-Keys' as key repository and Windows DPAPI to encrypt keys at rest.
2026-09-17 13:36:59.645 +03:00 [INF] [] Now listening on: http://localhost:5155
2026-09-17 13:36:59.790 +03:00 [INF] [] Application started. Press Ctrl+C to shut down.
2026-09-17 13:36:59.792 +03:00 [INF] [] Hosting environment: Development
2026-09-17 13:36:59.794 +03:00 [INF] [] Content root path: C:\Abdulmajeed_Project\ASP.NETCore\MovieManager\MovieManager.UI
2026-09-17 13:37:01.931 +03:00 [INF] [] Request starting HTTP/1.1 GET http://localhost:5155/ - null null
2026-09-17 13:37:02.398 +03:00 [INF] [] HTTP GET / responded 404 in 125.0368 ms
2026-09-17 13:37:02.428 +03:00 [INF] [] Request finished HTTP/1.1 GET http://localhost:5155/ - 404 null null 532.3001ms
2026-09-17 13:37:02.436 +03:00 [INF] [] Request reached the end of the middleware pipeline without being handled by application code. Request path: GET http://localhost:5155/, Response status code: 404
2026-09-17 13:40:12.297 +03:00 [INF] [] Request starting HTTP/1.1 GET http://localhost:5155/api/v1/movies/popular - null null
2026-09-17 13:40:12.402 +03:00 [INF] [] Executing endpoint 'MJDVerse.API.Controllers.MoviesController.GetPopularMovies (MJDVerse.API)'
2026-09-17 13:40:12.610 +03:00 [INF] [] Route matched with {action = "GetPopularMovies", controller = "Movies"}. Executing controller action with signature System.Threading.Tasks.Task`1[Microsoft.AspNetCore.Mvc.IActionResult] GetPopularMovies() on controller MJDVerse.API.Controllers.MoviesController (MJDVerse.API).
2026-09-17 13:40:13.338 +03:00 [INF] [] Start processing HTTP request GET https://api.themoviedb.org/3/movie/popular?*
2026-09-17 13:40:13.347 +03:00 [INF] [] Sending HTTP request GET https://api.themoviedb.org/3/movie/popular?*
2026-09-17 13:40:14.103 +03:00 [INF] [] Received HTTP response headers after 743.6438ms - 200
2026-09-17 13:40:14.112 +03:00 [INF] [] End processing HTTP request after 780.9642ms - 200
2026-09-17 13:40:14.216 +03:00 [INF] [] Start processing HTTP request GET https://api.themoviedb.org/3/genre/movie/list?*
2026-09-17 13:40:14.222 +03:00 [INF] [] Sending HTTP request GET https://api.themoviedb.org/3/genre/movie/list?*
2026-09-17 13:40:14.416 +03:00 [INF] [] Received HTTP response headers after 189.2669ms - 200
2026-09-17 13:40:14.422 +03:00 [INF] [] End processing HTTP request after 205.7011ms - 200
2026-09-17 13:40:14.456 +03:00 [INF] [] Executing OkObjectResult, writing value of type 'System.Collections.Generic.List`1[[MJDVerse.Application.DTOs.External.TmdbMovieDto, MJDVerse.Application, Version=1.0.0.0, Culture=neutral, PublicKeyToken=null]]'.
2026-09-17 13:40:14.517 +03:00 [INF] [] Executed action MJDVerse.API.Controllers.MoviesController.GetPopularMovies (MJDVerse.API) in 1886.3749ms
2026-09-17 13:40:14.526 +03:00 [INF] [] Executed endpoint 'MJDVerse.API.Controllers.MoviesController.GetPopularMovies (MJDVerse.API)'
2026-09-17 13:40:14.534 +03:00 [INF] [] HTTP GET /api/v1/movies/popular responded 200 in 2222.7535 ms
2026-09-17 13:40:14.550 +03:00 [INF] [] Request finished HTTP/1.1 GET http://localhost:5155/api/v1/movies/popular - 200 null application/json; charset=utf-8 2255.1699ms
2026-09-17 13:54:16.166 +03:00 [INF] [] Executed DbCommand (18ms) [Parameters=[], CommandType='"Text"', CommandTimeout='30']
SELECT 1
2026-09-17 13:54:16.231 +03:00 [INF] [] Executed DbCommand (14ms) [Parameters=[], CommandType='"Text"', CommandTimeout='30']
SELECT OBJECT_ID(N'[__EFMigrationsHistory]');
2026-09-17 13:54:16.234 +03:00 [INF] [] Executed DbCommand (1ms) [Parameters=[], CommandType='"Text"', CommandTimeout='30']
SELECT 1
2026-09-17 13:54:16.234 +03:00 [INF] [] Executed DbCommand (0ms) [Parameters=[], CommandType='"Text"', CommandTimeout='30']
SELECT OBJECT_ID(N'[__EFMigrationsHistory]');
2026-09-17 13:54:16.259 +03:00 [INF] [] Executed DbCommand (12ms) [Parameters=[], CommandType='"Text"', CommandTimeout='30']
SELECT [MigrationId], [ProductVersion]
FROM [__EFMigrationsHistory]
ORDER BY [MigrationId];
2026-09-17 13:54:16.275 +03:00 [INF] [] Applying migration '20260917105334_AddTmdbIdToMovie'.
2026-09-17 13:54:16.364 +03:00 [INF] [] Executed DbCommand (14ms) [Parameters=[], CommandType='"Text"', CommandTimeout='30']
ALTER TABLE [Movies] ADD [TmdbId] int NOT NULL DEFAULT 0;
2026-09-17 13:54:16.367 +03:00 [INF] [] Executed DbCommand (2ms) [Parameters=[], CommandType='"Text"', CommandTimeout='30']
INSERT INTO [__EFMigrationsHistory] ([MigrationId], [ProductVersion])
VALUES (N'20260917105334_AddTmdbIdToMovie', N'8.0.19');
2026-09-17 13:55:39.917 +03:00 [INF] [] User profile is available. Using 'C:\Users\aalhasani\AppData\Local\ASP.NET\DataProtection-Keys' as key repository and Windows DPAPI to encrypt keys at rest.
2026-09-17 13:55:40.290 +03:00 [WRN] [] The ASP.NET Core developer certificate is not trusted. For information about trusting the ASP.NET Core developer certificate, see https://aka.ms/aspnet/https-trust-dev-cert.
2026-09-17 13:55:40.366 +03:00 [INF] [] Now listening on: https://localhost:5001
2026-09-17 13:55:40.368 +03:00 [INF] [] Now listening on: http://localhost:5000
2026-09-17 13:55:40.509 +03:00 [INF] [] Application started. Press Ctrl+C to shut down.
2026-09-17 13:55:40.510 +03:00 [INF] [] Hosting environment: Development
2026-09-17 13:55:40.511 +03:00 [INF] [] Content root path: C:\Abdulmajeed_Project\ASP.NETCore\MovieManager\MovieManager.UI
2026-09-17 13:58:53.356 +03:00 [INF] [] User profile is available. Using 'C:\Users\aalhasani\AppData\Local\ASP.NET\DataProtection-Keys' as key repository and Windows DPAPI to encrypt keys at rest.
2026-09-17 13:58:53.684 +03:00 [WRN] [] The ASP.NET Core developer certificate is not trusted. For information about trusting the ASP.NET Core developer certificate, see https://aka.ms/aspnet/https-trust-dev-cert.
2026-09-17 13:58:53.859 +03:00 [INF] [] Now listening on: https://localhost:5001
2026-09-17 13:58:53.865 +03:00 [INF] [] Now listening on: http://localhost:5000
2026-09-17 13:58:54.079 +03:00 [INF] [] Application started. Press Ctrl+C to shut down.
2026-09-17 13:58:54.081 +03:00 [INF] [] Hosting environment: Development
2026-09-17 13:58:54.083 +03:00 [INF] [] Content root path: C:\Abdulmajeed_Project\ASP.NETCore\MovieManager\MovieManager.UI
2026-09-17 14:01:06.773 +03:00 [INF] [] Request starting HTTP/1.1 GET https://localhost:5001/api/v1/movies/genres - null null
2026-09-17 14:01:06.933 +03:00 [INF] [] Executing endpoint 'MJDVerse.API.Controllers.MoviesController.GetGenres (MJDVerse.API)'
2026-09-17 14:01:06.983 +03:00 [INF] [] Route matched with {action = "GetGenres", controller = "Movies"}. Executing controller action with signature System.Threading.Tasks.Task`1[Microsoft.AspNetCore.Mvc.IActionResult] GetGenres() on controller MJDVerse.API.Controllers.MoviesController (MJDVerse.API).
2026-09-17 14:01:07.228 +03:00 [INF] [] Start processing HTTP request GET https://api.themoviedb.org/3/genre/movie/list?*
2026-09-17 14:01:07.236 +03:00 [INF] [] Sending HTTP request GET https://api.themoviedb.org/3/genre/movie/list?*
2026-09-17 14:01:07.714 +03:00 [INF] [] Received HTTP response headers after 464.5529ms - 200
2026-09-17 14:01:07.727 +03:00 [INF] [] End processing HTTP request after 504.4432ms - 200
2026-09-17 14:01:07.831 +03:00 [INF] [] Executing OkObjectResult, writing value of type 'System.Collections.Generic.List`1[[MJDVerse.Application.DTOs.External.TmdbGenreDto, MJDVerse.Application, Version=1.0.0.0, Culture=neutral, PublicKeyToken=null]]'.
2026-09-17 14:01:07.896 +03:00 [INF] [] Executed action MJDVerse.API.Controllers.MoviesController.GetGenres (MJDVerse.API) in 898.6139ms
2026-09-17 14:01:07.904 +03:00 [INF] [] Executed endpoint 'MJDVerse.API.Controllers.MoviesController.GetGenres (MJDVerse.API)'
2026-09-17 14:01:07.921 +03:00 [INF] [] HTTP GET /api/v1/movies/genres responded 200 in 1107.6990 ms
2026-09-17 14:01:07.946 +03:00 [INF] [] Request finished HTTP/1.1 GET https://localhost:5001/api/v1/movies/genres - 200 null application/json; charset=utf-8 1189.6549ms
2026-09-17 14:01:21.428 +03:00 [INF] [] Request starting HTTP/1.1 GET https://localhost:5001/api/v1/movies/ - null null
2026-09-17 14:01:21.434 +03:00 [INF] [] Executing endpoint 'MJDVerse.API.Controllers.MoviesController.GetMovies (MJDVerse.API)'
2026-09-17 14:01:21.495 +03:00 [INF] [] Route matched with {action = "GetMovies", controller = "Movies"}. Executing controller action with signature System.Threading.Tasks.Task`1[Microsoft.AspNetCore.Mvc.IActionResult] GetMovies(MJDVerse.Application.DTOs.Movies.MovieQueryParametersDto) on controller MJDVerse.API.Controllers.MoviesController (MJDVerse.API).
2026-09-17 14:01:24.738 +03:00 [INF] [] Executed DbCommand (59ms) [Parameters=[], CommandType='"Text"', CommandTimeout='30']
SELECT COUNT(*)
FROM [Movies] AS [m]
2026-09-17 14:01:24.800 +03:00 [WRN] [] The query uses a row limiting operator ('Skip'/'Take') without an 'OrderBy' operator. This may lead to unpredictable results. If the 'Distinct' operator is used after 'OrderBy', then make sure to use the 'OrderBy' operator after 'Distinct' as the ordering would otherwise get erased.
2026-09-17 14:01:24.801 +03:00 [WRN] [] The query uses a row limiting operator ('Skip'/'Take') without an 'OrderBy' operator. This may lead to unpredictable results. If the 'Distinct' operator is used after 'OrderBy', then make sure to use the 'OrderBy' operator after 'Distinct' as the ordering would otherwise get erased.
2026-09-17 14:01:24.904 +03:00 [INF] [] Executed DbCommand (28ms) [Parameters=[@__p_0='?' (DbType = Int32), @__p_1='?' (DbType = Int32)], CommandType='"Text"', CommandTimeout='30']
SELECT [m].[Id], [m].[AverageRating], [m].[Description], [m].[PosterUrl], [m].[ReleaseDate], [m].[RuntimeMinutes], [m].[Title], [m].[TmdbId]
FROM [Movies] AS [m]
ORDER BY (SELECT 1)
OFFSET @__p_0 ROWS FETCH NEXT @__p_1 ROWS ONLY
2026-09-17 14:01:24.999 +03:00 [INF] [] Executing OkObjectResult, writing value of type 'MJDVerse.Application.DTOs.Movies.PagedResultDto`1[[MJDVerse.Application.DTOs.Movies.MovieDto, MJDVerse.Application, Version=1.0.0.0, Culture=neutral, PublicKeyToken=null]]'.
2026-09-17 14:01:25.019 +03:00 [INF] [] Executed action MJDVerse.API.Controllers.MoviesController.GetMovies (MJDVerse.API) in 3521.3772ms
2026-09-17 14:01:25.022 +03:00 [INF] [] Executed endpoint 'MJDVerse.API.Controllers.MoviesController.GetMovies (MJDVerse.API)'
2026-09-17 14:01:25.024 +03:00 [INF] [] HTTP GET /api/v1/movies/ responded 200 in 3592.4230 ms
2026-09-17 14:01:25.036 +03:00 [INF] [] Request finished HTTP/1.1 GET https://localhost:5001/api/v1/movies/ - 200 null application/json; charset=utf-8 3607.9006ms
2026-09-17 14:15:04.364 +03:00 [INF] [] User profile is available. Using 'C:\Users\aalhasani\AppData\Local\ASP.NET\DataProtection-Keys' as key repository and Windows DPAPI to encrypt keys at rest.
2026-09-17 14:15:04.632 +03:00 [WRN] [] The ASP.NET Core developer certificate is not trusted. For information about trusting the ASP.NET Core developer certificate, see https://aka.ms/aspnet/https-trust-dev-cert.
2026-09-17 14:15:04.725 +03:00 [INF] [] Now listening on: https://localhost:5001
2026-09-17 14:15:04.728 +03:00 [INF] [] Now listening on: http://localhost:5000
2026-09-17 14:15:04.928 +03:00 [INF] [] Application started. Press Ctrl+C to shut down.
2026-09-17 14:15:04.930 +03:00 [INF] [] Hosting environment: Development
2026-09-17 14:15:04.931 +03:00 [INF] [] Content root path: C:\Abdulmajeed_Project\ASP.NETCore\MovieManager\MovieManager.UI
2026-09-17 14:15:16.983 +03:00 [INF] [] Request starting HTTP/1.1 GET https://localhost:5001/api/v1/movies/1/details - null null
2026-09-17 14:15:17.134 +03:00 [INF] [] Executing endpoint 'MJDVerse.API.Controllers.MoviesController.GetMovieDetails (MJDVerse.API)'
2026-09-17 14:15:17.191 +03:00 [INF] [] Route matched with {action = "GetMovieDetails", controller = "Movies"}. Executing controller action with signature System.Threading.Tasks.Task`1[Microsoft.AspNetCore.Mvc.IActionResult] GetMovieDetails(Int32) on controller MJDVerse.API.Controllers.MoviesController (MJDVerse.API).
2026-09-17 14:15:20.767 +03:00 [INF] [] Executed DbCommand (82ms) [Parameters=[@__id_0='?' (DbType = Int32)], CommandType='"Text"', CommandTimeout='30']
SELECT TOP(1) [m].[Id], [m].[AverageRating], [m].[Description], [m].[PosterUrl], [m].[ReleaseDate], [m].[RuntimeMinutes], [m].[Title], [m].[TmdbId]
FROM [Movies] AS [m]
WHERE [m].[Id] = @__id_0
2026-09-17 14:15:20.918 +03:00 [INF] [] Start processing HTTP request GET https://api.themoviedb.org/3/movie/0?*
2026-09-17 14:15:20.925 +03:00 [INF] [] Sending HTTP request GET https://api.themoviedb.org/3/movie/0?*
2026-09-17 14:15:21.550 +03:00 [INF] [] Received HTTP response headers after 613.629ms - 404
2026-09-17 14:15:21.559 +03:00 [INF] [] End processing HTTP request after 646.6561ms - 404
2026-09-17 14:15:22.274 +03:00 [INF] [] Executed action MJDVerse.API.Controllers.MoviesController.GetMovieDetails (MJDVerse.API) in 5068.8902ms
2026-09-17 14:15:22.284 +03:00 [INF] [] Executed endpoint 'MJDVerse.API.Controllers.MoviesController.GetMovieDetails (MJDVerse.API)'
2026-09-17 14:15:22.305 +03:00 [ERR] [] HTTP GET /api/v1/movies/1/details responded 500 in 5284.4621 ms
System.Net.Http.HttpRequestException: Response status code does not indicate success: 404 (Not Found).
   at System.Net.Http.HttpResponseMessage.EnsureSuccessStatusCode()
   at MJDVerse.Infrastructure.Providers.TmdbMovieMetadataProvider.GetMovieByIdAsync(Int32 tmdbId) in C:\Abdulmajeed_Project\ASP.NETCore\MovieManager\MovieManager.Infrastructure\Providers\TmdbMovieMetadataProvider.cs:line 67
   at MJDVerse.Application.Services.MovieService.GetMovieDetailsAsync(Int32 id) in C:\Abdulmajeed_Project\ASP.NETCore\MovieManager\MovieManager.Core\Services\MovieService.cs:line 214
   at MJDVerse.API.Controllers.MoviesController.GetMovieDetails(Int32 id) in C:\Abdulmajeed_Project\ASP.NETCore\MovieManager\MovieManager.UI\Controllers\MoviesController.cs:line 151
   at Microsoft.AspNetCore.Mvc.Infrastructure.ActionMethodExecutor.TaskOfIActionResultExecutor.Execute(ActionContext actionContext, IActionResultTypeMapper mapper, ObjectMethodExecutor executor, Object controller, Object[] arguments)
   at Microsoft.AspNetCore.Mvc.Infrastructure.ControllerActionInvoker.<InvokeActionMethodAsync>g__Awaited|12_0(ControllerActionInvoker invoker, ValueTask`1 actionResultValueTask)
   at Microsoft.AspNetCore.Mvc.Infrastructure.ControllerActionInvoker.<InvokeNextActionFilterAsync>g__Awaited|10_0(ControllerActionInvoker invoker, Task lastTask, State next, Scope scope, Object state, Boolean isCompleted)
   at Microsoft.AspNetCore.Mvc.Infrastructure.ControllerActionInvoker.Rethrow(ActionExecutedContextSealed context)
   at Microsoft.AspNetCore.Mvc.Infrastructure.ControllerActionInvoker.Next(State& next, Scope& scope, Object& state, Boolean& isCompleted)
   at Microsoft.AspNetCore.Mvc.Infrastructure.ControllerActionInvoker.<InvokeInnerFilterAsync>g__Awaited|13_0(ControllerActionInvoker invoker, Task lastTask, State next, Scope scope, Object state, Boolean isCompleted)
   at Microsoft.AspNetCore.Mvc.Infrastructure.ResourceInvoker.<InvokeFilterPipelineAsync>g__Awaited|20_0(ResourceInvoker invoker, Task lastTask, State next, Scope scope, Object state, Boolean isCompleted)
   at Microsoft.AspNetCore.Mvc.Infrastructure.ResourceInvoker.<InvokeAsync>g__Logged|17_1(ResourceInvoker invoker)
   at Microsoft.AspNetCore.Mvc.Infrastructure.ResourceInvoker.<InvokeAsync>g__Logged|17_1(ResourceInvoker invoker)
   at Microsoft.AspNetCore.Routing.EndpointMiddleware.<Invoke>g__AwaitRequestTask|7_0(Endpoint endpoint, Task requestTask, ILogger logger)
   at Microsoft.AspNetCore.Authorization.AuthorizationMiddleware.Invoke(HttpContext context)
   at Microsoft.AspNetCore.Authentication.AuthenticationMiddleware.Invoke(HttpContext context)
   at Serilog.AspNetCore.RequestLoggingMiddleware.Invoke(HttpContext httpContext)
2026-09-17 14:15:23.106 +03:00 [INF] [] Request finished HTTP/1.1 GET https://localhost:5001/api/v1/movies/1/details - 500 null application/json 6138.7033ms
2026-09-17 14:15:31.521 +03:00 [INF] [] Request starting HTTP/1.1 GET https://localhost:5001/api/v1/movies/1/details - null null
2026-09-17 14:15:31.530 +03:00 [INF] [] Executing endpoint 'MJDVerse.API.Controllers.MoviesController.GetMovieDetails (MJDVerse.API)'
2026-09-17 14:15:31.532 +03:00 [INF] [] Route matched with {action = "GetMovieDetails", controller = "Movies"}. Executing controller action with signature System.Threading.Tasks.Task`1[Microsoft.AspNetCore.Mvc.IActionResult] GetMovieDetails(Int32) on controller MJDVerse.API.Controllers.MoviesController (MJDVerse.API).
2026-09-17 14:15:31.565 +03:00 [INF] [] Executed DbCommand (4ms) [Parameters=[@__id_0='?' (DbType = Int32)], CommandType='"Text"', CommandTimeout='30']
SELECT TOP(1) [m].[Id], [m].[AverageRating], [m].[Description], [m].[PosterUrl], [m].[ReleaseDate], [m].[RuntimeMinutes], [m].[Title], [m].[TmdbId]
FROM [Movies] AS [m]
WHERE [m].[Id] = @__id_0
2026-09-17 14:15:31.569 +03:00 [INF] [] Start processing HTTP request GET https://api.themoviedb.org/3/movie/0?*
2026-09-17 14:15:31.571 +03:00 [INF] [] Sending HTTP request GET https://api.themoviedb.org/3/movie/0?*
2026-09-17 14:15:31.759 +03:00 [INF] [] Received HTTP response headers after 187.3686ms - 404
2026-09-17 14:15:31.765 +03:00 [INF] [] End processing HTTP request after 195.4299ms - 404
2026-09-17 14:15:32.139 +03:00 [INF] [] Executed action MJDVerse.API.Controllers.MoviesController.GetMovieDetails (MJDVerse.API) in 605.6498ms
2026-09-17 14:15:32.146 +03:00 [INF] [] Executed endpoint 'MJDVerse.API.Controllers.MoviesController.GetMovieDetails (MJDVerse.API)'
2026-09-17 14:15:32.150 +03:00 [ERR] [] HTTP GET /api/v1/movies/1/details responded 500 in 623.6581 ms
System.Net.Http.HttpRequestException: Response status code does not indicate success: 404 (Not Found).
   at System.Net.Http.HttpResponseMessage.EnsureSuccessStatusCode()
   at MJDVerse.Infrastructure.Providers.TmdbMovieMetadataProvider.GetMovieByIdAsync(Int32 tmdbId) in C:\Abdulmajeed_Project\ASP.NETCore\MovieManager\MovieManager.Infrastructure\Providers\TmdbMovieMetadataProvider.cs:line 67
   at MJDVerse.Application.Services.MovieService.GetMovieDetailsAsync(Int32 id) in C:\Abdulmajeed_Project\ASP.NETCore\MovieManager\MovieManager.Core\Services\MovieService.cs:line 214
   at MJDVerse.API.Controllers.MoviesController.GetMovieDetails(Int32 id) in C:\Abdulmajeed_Project\ASP.NETCore\MovieManager\MovieManager.UI\Controllers\MoviesController.cs:line 151
   at Microsoft.AspNetCore.Mvc.Infrastructure.ActionMethodExecutor.TaskOfIActionResultExecutor.Execute(ActionContext actionContext, IActionResultTypeMapper mapper, ObjectMethodExecutor executor, Object controller, Object[] arguments)
   at Microsoft.AspNetCore.Mvc.Infrastructure.ControllerActionInvoker.<InvokeActionMethodAsync>g__Awaited|12_0(ControllerActionInvoker invoker, ValueTask`1 actionResultValueTask)
   at Microsoft.AspNetCore.Mvc.Infrastructure.ControllerActionInvoker.<InvokeNextActionFilterAsync>g__Awaited|10_0(ControllerActionInvoker invoker, Task lastTask, State next, Scope scope, Object state, Boolean isCompleted)
   at Microsoft.AspNetCore.Mvc.Infrastructure.ControllerActionInvoker.Rethrow(ActionExecutedContextSealed context)
   at Microsoft.AspNetCore.Mvc.Infrastructure.ControllerActionInvoker.Next(State& next, Scope& scope, Object& state, Boolean& isCompleted)
   at Microsoft.AspNetCore.Mvc.Infrastructure.ControllerActionInvoker.<InvokeInnerFilterAsync>g__Awaited|13_0(ControllerActionInvoker invoker, Task lastTask, State next, Scope scope, Object state, Boolean isCompleted)
   at Microsoft.AspNetCore.Mvc.Infrastructure.ResourceInvoker.<InvokeFilterPipelineAsync>g__Awaited|20_0(ResourceInvoker invoker, Task lastTask, State next, Scope scope, Object state, Boolean isCompleted)
   at Microsoft.AspNetCore.Mvc.Infrastructure.ResourceInvoker.<InvokeAsync>g__Logged|17_1(ResourceInvoker invoker)
   at Microsoft.AspNetCore.Mvc.Infrastructure.ResourceInvoker.<InvokeAsync>g__Logged|17_1(ResourceInvoker invoker)
   at Microsoft.AspNetCore.Routing.EndpointMiddleware.<Invoke>g__AwaitRequestTask|7_0(Endpoint endpoint, Task requestTask, ILogger logger)
   at Microsoft.AspNetCore.Authorization.AuthorizationMiddleware.Invoke(HttpContext context)
   at Microsoft.AspNetCore.Authentication.AuthenticationMiddleware.Invoke(HttpContext context)
   at Serilog.AspNetCore.RequestLoggingMiddleware.Invoke(HttpContext httpContext)
2026-09-17 14:15:32.553 +03:00 [INF] [] Request finished HTTP/1.1 GET https://localhost:5001/api/v1/movies/1/details - 500 null application/json 1031.2615ms
2026-09-17 14:15:56.397 +03:00 [INF] [] Request starting HTTP/1.1 GET https://localhost:5001/api/v1/movies/1/details - null null
2026-09-17 14:15:56.410 +03:00 [INF] [] Executing endpoint 'MJDVerse.API.Controllers.MoviesController.GetMovieDetails (MJDVerse.API)'
2026-09-17 14:15:56.411 +03:00 [INF] [] Route matched with {action = "GetMovieDetails", controller = "Movies"}. Executing controller action with signature System.Threading.Tasks.Task`1[Microsoft.AspNetCore.Mvc.IActionResult] GetMovieDetails(Int32) on controller MJDVerse.API.Controllers.MoviesController (MJDVerse.API).
2026-09-17 14:15:56.497 +03:00 [INF] [] Executed DbCommand (2ms) [Parameters=[@__id_0='?' (DbType = Int32)], CommandType='"Text"', CommandTimeout='30']
SELECT TOP(1) [m].[Id], [m].[AverageRating], [m].[Description], [m].[PosterUrl], [m].[ReleaseDate], [m].[RuntimeMinutes], [m].[Title], [m].[TmdbId]
FROM [Movies] AS [m]
WHERE [m].[Id] = @__id_0
2026-09-17 14:15:56.502 +03:00 [INF] [] Start processing HTTP request GET https://api.themoviedb.org/3/movie/0?*
2026-09-17 14:15:56.504 +03:00 [INF] [] Sending HTTP request GET https://api.themoviedb.org/3/movie/0?*
2026-09-17 14:15:56.698 +03:00 [INF] [] Received HTTP response headers after 192.2708ms - 404
2026-09-17 14:15:56.704 +03:00 [INF] [] End processing HTTP request after 202.161ms - 404
2026-09-17 14:15:57.149 +03:00 [INF] [] Executed action MJDVerse.API.Controllers.MoviesController.GetMovieDetails (MJDVerse.API) in 735.8179ms
2026-09-17 14:15:57.157 +03:00 [INF] [] Executed endpoint 'MJDVerse.API.Controllers.MoviesController.GetMovieDetails (MJDVerse.API)'
2026-09-17 14:15:57.164 +03:00 [ERR] [] HTTP GET /api/v1/movies/1/details responded 500 in 757.4211 ms
System.Net.Http.HttpRequestException: Response status code does not indicate success: 404 (Not Found).
   at System.Net.Http.HttpResponseMessage.EnsureSuccessStatusCode()
   at MJDVerse.Infrastructure.Providers.TmdbMovieMetadataProvider.GetMovieByIdAsync(Int32 tmdbId) in C:\Abdulmajeed_Project\ASP.NETCore\MovieManager\MovieManager.Infrastructure\Providers\TmdbMovieMetadataProvider.cs:line 67
   at MJDVerse.Application.Services.MovieService.GetMovieDetailsAsync(Int32 id) in C:\Abdulmajeed_Project\ASP.NETCore\MovieManager\MovieManager.Core\Services\MovieService.cs:line 214
   at MJDVerse.API.Controllers.MoviesController.GetMovieDetails(Int32 id) in C:\Abdulmajeed_Project\ASP.NETCore\MovieManager\MovieManager.UI\Controllers\MoviesController.cs:line 151
   at Microsoft.AspNetCore.Mvc.Infrastructure.ActionMethodExecutor.TaskOfIActionResultExecutor.Execute(ActionContext actionContext, IActionResultTypeMapper mapper, ObjectMethodExecutor executor, Object controller, Object[] arguments)
   at Microsoft.AspNetCore.Mvc.Infrastructure.ControllerActionInvoker.<InvokeActionMethodAsync>g__Awaited|12_0(ControllerActionInvoker invoker, ValueTask`1 actionResultValueTask)
   at Microsoft.AspNetCore.Mvc.Infrastructure.ControllerActionInvoker.<InvokeNextActionFilterAsync>g__Awaited|10_0(ControllerActionInvoker invoker, Task lastTask, State next, Scope scope, Object state, Boolean isCompleted)
   at Microsoft.AspNetCore.Mvc.Infrastructure.ControllerActionInvoker.Rethrow(ActionExecutedContextSealed context)
   at Microsoft.AspNetCore.Mvc.Infrastructure.ControllerActionInvoker.Next(State& next, Scope& scope, Object& state, Boolean& isCompleted)
   at Microsoft.AspNetCore.Mvc.Infrastructure.ControllerActionInvoker.<InvokeInnerFilterAsync>g__Awaited|13_0(ControllerActionInvoker invoker, Task lastTask, State next, Scope scope, Object state, Boolean isCompleted)
   at Microsoft.AspNetCore.Mvc.Infrastructure.ResourceInvoker.<InvokeFilterPipelineAsync>g__Awaited|20_0(ResourceInvoker invoker, Task lastTask, State next, Scope scope, Object state, Boolean isCompleted)
   at Microsoft.AspNetCore.Mvc.Infrastructure.ResourceInvoker.<InvokeAsync>g__Logged|17_1(ResourceInvoker invoker)
   at Microsoft.AspNetCore.Mvc.Infrastructure.ResourceInvoker.<InvokeAsync>g__Logged|17_1(ResourceInvoker invoker)
   at Microsoft.AspNetCore.Routing.EndpointMiddleware.<Invoke>g__AwaitRequestTask|7_0(Endpoint endpoint, Task requestTask, ILogger logger)
   at Microsoft.AspNetCore.Authorization.AuthorizationMiddleware.Invoke(HttpContext context)
   at Microsoft.AspNetCore.Authentication.AuthenticationMiddleware.Invoke(HttpContext context)
   at Serilog.AspNetCore.RequestLoggingMiddleware.Invoke(HttpContext httpContext)
2026-09-17 14:15:57.711 +03:00 [INF] [] Request finished HTTP/1.1 GET https://localhost:5001/api/v1/movies/1/details - 500 null application/json 1314.9396ms
2026-09-17 14:17:27.178 +03:00 [INF] [] User profile is available. Using 'C:\Users\aalhasani\AppData\Local\ASP.NET\DataProtection-Keys' as key repository and Windows DPAPI to encrypt keys at rest.
2026-09-17 14:17:27.676 +03:00 [WRN] [] The ASP.NET Core developer certificate is not trusted. For information about trusting the ASP.NET Core developer certificate, see https://aka.ms/aspnet/https-trust-dev-cert.
2026-09-17 14:17:27.864 +03:00 [INF] [] Now listening on: https://localhost:5001
2026-09-17 14:17:27.869 +03:00 [INF] [] Now listening on: http://localhost:5000
2026-09-17 14:17:28.208 +03:00 [INF] [] Application started. Press Ctrl+C to shut down.
2026-09-17 14:17:28.210 +03:00 [INF] [] Hosting environment: Development
2026-09-17 14:17:28.211 +03:00 [INF] [] Content root path: C:\Abdulmajeed_Project\ASP.NETCore\MovieManager\MovieManager.UI
2026-09-17 14:17:56.454 +03:00 [INF] [] Request starting HTTP/1.1 GET https://localhost:5001/api/v1/movies/popular - null null
2026-09-17 14:17:56.678 +03:00 [INF] [] Executing endpoint 'MJDVerse.API.Controllers.MoviesController.GetPopularMovies (MJDVerse.API)'
2026-09-17 14:17:56.748 +03:00 [INF] [] Route matched with {action = "GetPopularMovies", controller = "Movies"}. Executing controller action with signature System.Threading.Tasks.Task`1[Microsoft.AspNetCore.Mvc.IActionResult] GetPopularMovies() on controller MJDVerse.API.Controllers.MoviesController (MJDVerse.API).
2026-09-17 14:17:57.066 +03:00 [INF] [] Start processing HTTP request GET https://api.themoviedb.org/3/movie/popular?*
2026-09-17 14:17:57.074 +03:00 [INF] [] Sending HTTP request GET https://api.themoviedb.org/3/movie/popular?*
2026-09-17 14:17:57.569 +03:00 [INF] [] Received HTTP response headers after 480.9413ms - 200
2026-09-17 14:17:57.579 +03:00 [INF] [] End processing HTTP request after 518.5884ms - 200
2026-09-17 14:17:57.701 +03:00 [INF] [] Start processing HTTP request GET https://api.themoviedb.org/3/genre/movie/list?*
2026-09-17 14:17:57.706 +03:00 [INF] [] Sending HTTP request GET https://api.themoviedb.org/3/genre/movie/list?*
2026-09-17 14:17:57.784 +03:00 [INF] [] Received HTTP response headers after 73.6259ms - 200
2026-09-17 14:17:57.787 +03:00 [INF] [] End processing HTTP request after 85.9279ms - 200
2026-09-17 14:17:57.804 +03:00 [INF] [] Executing OkObjectResult, writing value of type 'System.Collections.Generic.List`1[[MJDVerse.Application.DTOs.External.TmdbMovieDto, MJDVerse.Application, Version=1.0.0.0, Culture=neutral, PublicKeyToken=null]]'.
2026-09-17 14:17:57.851 +03:00 [INF] [] Executed action MJDVerse.API.Controllers.MoviesController.GetPopularMovies (MJDVerse.API) in 1092.9056ms
2026-09-17 14:17:57.854 +03:00 [INF] [] Executed endpoint 'MJDVerse.API.Controllers.MoviesController.GetPopularMovies (MJDVerse.API)'
2026-09-17 14:17:57.863 +03:00 [INF] [] HTTP GET /api/v1/movies/popular responded 200 in 1365.3146 ms
2026-09-17 14:17:57.877 +03:00 [INF] [] Request finished HTTP/1.1 GET https://localhost:5001/api/v1/movies/popular - 200 null application/json; charset=utf-8 1445.7208ms
2026-09-17 14:20:42.636 +03:00 [INF] [] Request starting HTTP/1.1 POST https://localhost:5001/api/v1/movies - application/json 241
2026-09-17 14:20:42.645 +03:00 [INF] [] Executing endpoint 'MJDVerse.API.Controllers.MoviesController.CreateMovie (MJDVerse.API)'
2026-09-17 14:20:42.673 +03:00 [INF] [] Route matched with {action = "CreateMovie", controller = "Movies"}. Executing controller action with signature System.Threading.Tasks.Task`1[Microsoft.AspNetCore.Mvc.IActionResult] CreateMovie(MJDVerse.Application.DTOs.Movies.CreateMovieDto) on controller MJDVerse.API.Controllers.MoviesController (MJDVerse.API).
2026-09-17 14:20:42.843 +03:00 [INF] [] Executing BadRequestObjectResult, writing value of type 'System.Collections.Generic.List`1[[FluentValidation.Results.ValidationFailure, FluentValidation, Version=11.0.0.0, Culture=neutral, PublicKeyToken=7de548da2fbae0f0]]'.
2026-09-17 14:20:42.884 +03:00 [INF] [] Executed action MJDVerse.API.Controllers.MoviesController.CreateMovie (MJDVerse.API) in 208.7315ms
2026-09-17 14:20:42.887 +03:00 [INF] [] Executed endpoint 'MJDVerse.API.Controllers.MoviesController.CreateMovie (MJDVerse.API)'
2026-09-17 14:20:42.889 +03:00 [INF] [] HTTP POST /api/v1/movies responded 400 in 247.7417 ms
2026-09-17 14:20:42.891 +03:00 [INF] [] Request finished HTTP/1.1 POST https://localhost:5001/api/v1/movies - 400 null application/json; charset=utf-8 255.3341ms
2026-09-17 14:21:23.130 +03:00 [INF] [] Request starting HTTP/1.1 POST https://localhost:5001/api/v1/auth/login - application/json 77
2026-09-17 14:21:23.164 +03:00 [INF] [] Executing endpoint 'MJDVerse.API.Controllers.AuthController.Login (MJDVerse.API)'
2026-09-17 14:21:23.182 +03:00 [INF] [] Route matched with {action = "Login", controller = "Auth"}. Executing controller action with signature System.Threading.Tasks.Task`1[Microsoft.AspNetCore.Mvc.IActionResult] Login(MJDVerse.Application.DTOs.Auth.LoginRequestDto) on controller MJDVerse.API.Controllers.AuthController (MJDVerse.API).
2026-09-17 14:21:26.010 +03:00 [INF] [] Executed DbCommand (78ms) [Parameters=[@__normalizedEmail_0='?' (Size = 256)], CommandType='"Text"', CommandTimeout='30']
SELECT TOP(2) [a].[Id], [a].[AccessFailedCount], [a].[ConcurrencyStamp], [a].[Email], [a].[EmailConfirmed], [a].[LockoutEnabled], [a].[LockoutEnd], [a].[NormalizedEmail], [a].[NormalizedUserName], [a].[PasswordHash], [a].[PhoneNumber], [a].[PhoneNumberConfirmed], [a].[SecurityStamp], [a].[TwoFactorEnabled], [a].[UserName]
FROM [AspNetUsers] AS [a]
WHERE [a].[NormalizedEmail] = @__normalizedEmail_0
2026-09-17 14:21:26.542 +03:00 [INF] [] Executed DbCommand (47ms) [Parameters=[@p0='?' (Size = 200), @p1='?' (DbType = DateTime2), @p2='?' (Size = 256), @p3='?' (DbType = DateTime2), @p4='?' (DbType = Boolean), @p5='?' (DbType = Int32), @p6='?' (Size = 450)], CommandType='"Text"', CommandTimeout='30']
SET IMPLICIT_TRANSACTIONS OFF;
SET NOCOUNT ON;
INSERT INTO [OtpVerifications] ([CodeHash], [CreatedAt], [Email], [ExpiresAt], [IsUsed], [Purpose], [UserId])
OUTPUT INSERTED.[Id]
VALUES (@p0, @p1, @p2, @p3, @p4, @p5, @p6);
2026-09-17 14:21:26.630 +03:00 [INF] [] Start processing HTTP request POST https://api.resend.com/emails
2026-09-17 14:21:26.632 +03:00 [INF] [] Sending HTTP request POST https://api.resend.com/emails
2026-09-17 14:21:27.208 +03:00 [INF] [] Received HTTP response headers after 574.0484ms - 200
2026-09-17 14:21:27.213 +03:00 [INF] [] End processing HTTP request after 583.2676ms - 200
2026-09-17 14:21:27.250 +03:00 [INF] [] Executing OkObjectResult, writing value of type 'System.String'.
2026-09-17 14:21:27.259 +03:00 [INF] [] Executed action MJDVerse.API.Controllers.AuthController.Login (MJDVerse.API) in 4069.2765ms
2026-09-17 14:21:27.264 +03:00 [INF] [] Executed endpoint 'MJDVerse.API.Controllers.AuthController.Login (MJDVerse.API)'
2026-09-17 14:21:27.269 +03:00 [INF] [] HTTP POST /api/v1/auth/login responded 200 in 4113.0868 ms
2026-09-17 14:21:27.295 +03:00 [INF] [] Request finished HTTP/1.1 POST https://localhost:5001/api/v1/auth/login - 200 null text/plain; charset=utf-8 4169.2468ms
2026-09-17 14:22:10.809 +03:00 [INF] [] Request starting HTTP/1.1 POST https://localhost:5001/api/v1/auth/verify-login-otp - application/json 61
2026-09-17 14:22:10.817 +03:00 [INF] [] Executing endpoint 'MJDVerse.API.Controllers.AuthController.VerifyLoginOtp (MJDVerse.API)'
2026-09-17 14:22:10.826 +03:00 [INF] [] Route matched with {action = "VerifyLoginOtp", controller = "Auth"}. Executing controller action with signature System.Threading.Tasks.Task`1[Microsoft.AspNetCore.Mvc.IActionResult] VerifyLoginOtp(MJDVerse.Application.DTOs.Auth.VerifyLoginOtpRequestDto) on controller MJDVerse.API.Controllers.AuthController (MJDVerse.API).
2026-09-17 14:22:10.980 +03:00 [INF] [] Executed DbCommand (6ms) [Parameters=[@__email_0='?' (Size = 256), @__purpose_1='?' (DbType = Int32)], CommandType='"Text"', CommandTimeout='30']
SELECT TOP(1) [o].[Id], [o].[CodeHash], [o].[CreatedAt], [o].[Email], [o].[ExpiresAt], [o].[IsUsed], [o].[Purpose], [o].[UserId]
FROM [OtpVerifications] AS [o]
WHERE [o].[Email] = @__email_0 AND [o].[Purpose] = @__purpose_1 AND [o].[IsUsed] = CAST(0 AS bit)
ORDER BY [o].[CreatedAt] DESC
2026-09-17 14:22:10.994 +03:00 [INF] [] Executed DbCommand (3ms) [Parameters=[@__normalizedEmail_0='?' (Size = 256)], CommandType='"Text"', CommandTimeout='30']
SELECT TOP(2) [a].[Id], [a].[AccessFailedCount], [a].[ConcurrencyStamp], [a].[Email], [a].[EmailConfirmed], [a].[LockoutEnabled], [a].[LockoutEnd], [a].[NormalizedEmail], [a].[NormalizedUserName], [a].[PasswordHash], [a].[PhoneNumber], [a].[PhoneNumberConfirmed], [a].[SecurityStamp], [a].[TwoFactorEnabled], [a].[UserName]
FROM [AspNetUsers] AS [a]
WHERE [a].[NormalizedEmail] = @__normalizedEmail_0
2026-09-17 14:22:11.022 +03:00 [INF] [] Executed DbCommand (13ms) [Parameters=[@p1='?' (DbType = Int32), @p0='?' (DbType = Boolean)], CommandType='"Text"', CommandTimeout='30']
SET IMPLICIT_TRANSACTIONS OFF;
SET NOCOUNT ON;
UPDATE [OtpVerifications] SET [IsUsed] = @p0
OUTPUT 1
WHERE [Id] = @p1;
2026-09-17 14:22:11.059 +03:00 [INF] [] Executing OkObjectResult, writing value of type 'MJDVerse.Application.DTOs.Auth.AuthResponseDto'.
2026-09-17 14:22:11.062 +03:00 [INF] [] Executed action MJDVerse.API.Controllers.AuthController.VerifyLoginOtp (MJDVerse.API) in 232.0621ms
2026-09-17 14:22:11.064 +03:00 [INF] [] Executed endpoint 'MJDVerse.API.Controllers.AuthController.VerifyLoginOtp (MJDVerse.API)'
2026-09-17 14:22:11.065 +03:00 [INF] [] HTTP POST /api/v1/auth/verify-login-otp responded 200 in 249.5460 ms
2026-09-17 14:22:11.067 +03:00 [INF] [] Request finished HTTP/1.1 POST https://localhost:5001/api/v1/auth/verify-login-otp - 200 null application/json; charset=utf-8 258.1749ms
2026-09-17 14:22:40.793 +03:00 [INF] [] Request starting HTTP/1.1 POST https://localhost:5001/api/v1/movies - application/json 241
2026-09-17 14:22:40.899 +03:00 [INF] [] Executing endpoint 'MJDVerse.API.Controllers.MoviesController.CreateMovie (MJDVerse.API)'
2026-09-17 14:22:40.901 +03:00 [INF] [] Route matched with {action = "CreateMovie", controller = "Movies"}. Executing controller action with signature System.Threading.Tasks.Task`1[Microsoft.AspNetCore.Mvc.IActionResult] CreateMovie(MJDVerse.Application.DTOs.Movies.CreateMovieDto) on controller MJDVerse.API.Controllers.MoviesController (MJDVerse.API).
2026-09-17 14:22:40.908 +03:00 [INF] [] Executing BadRequestObjectResult, writing value of type 'System.Collections.Generic.List`1[[FluentValidation.Results.ValidationFailure, FluentValidation, Version=11.0.0.0, Culture=neutral, PublicKeyToken=7de548da2fbae0f0]]'.
2026-09-17 14:22:40.910 +03:00 [INF] [] Executed action MJDVerse.API.Controllers.MoviesController.CreateMovie (MJDVerse.API) in 7.204ms
2026-09-17 14:22:40.915 +03:00 [INF] [] Executed endpoint 'MJDVerse.API.Controllers.MoviesController.CreateMovie (MJDVerse.API)'
2026-09-17 14:22:40.919 +03:00 [INF] [] HTTP POST /api/v1/movies responded 400 in 121.9794 ms
2026-09-17 14:22:40.921 +03:00 [INF] [] Request finished HTTP/1.1 POST https://localhost:5001/api/v1/movies - 400 null application/json; charset=utf-8 128.2259ms
2026-09-17 14:22:59.084 +03:00 [INF] [] Request starting HTTP/1.1 POST https://localhost:5001/api/v1/movies - application/json 241
2026-09-17 14:22:59.097 +03:00 [INF] [] Executing endpoint 'MJDVerse.API.Controllers.MoviesController.CreateMovie (MJDVerse.API)'
2026-09-17 14:22:59.101 +03:00 [INF] [] Route matched with {action = "CreateMovie", controller = "Movies"}. Executing controller action with signature System.Threading.Tasks.Task`1[Microsoft.AspNetCore.Mvc.IActionResult] CreateMovie(MJDVerse.Application.DTOs.Movies.CreateMovieDto) on controller MJDVerse.API.Controllers.MoviesController (MJDVerse.API).
2026-09-17 14:22:59.112 +03:00 [INF] [] Executing BadRequestObjectResult, writing value of type 'System.Collections.Generic.List`1[[FluentValidation.Results.ValidationFailure, FluentValidation, Version=11.0.0.0, Culture=neutral, PublicKeyToken=7de548da2fbae0f0]]'.
2026-09-17 14:22:59.118 +03:00 [INF] [] Executed action MJDVerse.API.Controllers.MoviesController.CreateMovie (MJDVerse.API) in 9.2021ms
2026-09-17 14:22:59.126 +03:00 [INF] [] Executed endpoint 'MJDVerse.API.Controllers.MoviesController.CreateMovie (MJDVerse.API)'
2026-09-17 14:22:59.131 +03:00 [INF] [] HTTP POST /api/v1/movies responded 400 in 37.0718 ms
2026-09-17 14:22:59.139 +03:00 [INF] [] Request finished HTTP/1.1 POST https://localhost:5001/api/v1/movies - 400 null application/json; charset=utf-8 55.1074ms
2026-09-17 14:25:46.592 +03:00 [INF] [] Request starting HTTP/1.1 POST https://localhost:5001/api/v1/movies - application/json 241
2026-09-17 14:25:46.595 +03:00 [INF] [] Executing endpoint 'MJDVerse.API.Controllers.MoviesController.CreateMovie (MJDVerse.API)'
2026-09-17 14:25:46.597 +03:00 [INF] [] Route matched with {action = "CreateMovie", controller = "Movies"}. Executing controller action with signature System.Threading.Tasks.Task`1[Microsoft.AspNetCore.Mvc.IActionResult] CreateMovie(MJDVerse.Application.DTOs.Movies.CreateMovieDto) on controller MJDVerse.API.Controllers.MoviesController (MJDVerse.API).
2026-09-17 14:25:46.600 +03:00 [INF] [] Executing BadRequestObjectResult, writing value of type 'System.Collections.Generic.List`1[[FluentValidation.Results.ValidationFailure, FluentValidation, Version=11.0.0.0, Culture=neutral, PublicKeyToken=7de548da2fbae0f0]]'.
2026-09-17 14:25:46.602 +03:00 [INF] [] Executed action MJDVerse.API.Controllers.MoviesController.CreateMovie (MJDVerse.API) in 2.5806ms
2026-09-17 14:25:46.603 +03:00 [INF] [] Executed endpoint 'MJDVerse.API.Controllers.MoviesController.CreateMovie (MJDVerse.API)'
2026-09-17 14:25:46.604 +03:00 [INF] [] HTTP POST /api/v1/movies responded 400 in 9.1913 ms
2026-09-17 14:25:46.606 +03:00 [INF] [] Request finished HTTP/1.1 POST https://localhost:5001/api/v1/movies - 400 null application/json; charset=utf-8 14.8364ms
2026-09-17 14:27:32.338 +03:00 [INF] [] Request starting HTTP/1.1 POST https://localhost:5001/api/v1/movies - application/json 243
2026-09-17 14:27:32.348 +03:00 [INF] [] Executing endpoint 'MJDVerse.API.Controllers.MoviesController.CreateMovie (MJDVerse.API)'
2026-09-17 14:27:32.350 +03:00 [INF] [] Route matched with {action = "CreateMovie", controller = "Movies"}. Executing controller action with signature System.Threading.Tasks.Task`1[Microsoft.AspNetCore.Mvc.IActionResult] CreateMovie(MJDVerse.Application.DTOs.Movies.CreateMovieDto) on controller MJDVerse.API.Controllers.MoviesController (MJDVerse.API).
2026-09-17 14:27:32.482 +03:00 [INF] [] Executed DbCommand (6ms) [Parameters=[@p0='?' (Precision = 3) (Scale = 1) (DbType = Decimal), @p1='?' (Size = 2000), @p2='?' (Size = 500), @p3='?' (DbType = DateTime2), @p4='?' (DbType = Int32), @p5='?' (Size = 200), @p6='?' (DbType = Int32)], CommandType='"Text"', CommandTimeout='30']
SET IMPLICIT_TRANSACTIONS OFF;
SET NOCOUNT ON;
INSERT INTO [Movies] ([AverageRating], [Description], [PosterUrl], [ReleaseDate], [RuntimeMinutes], [Title], [TmdbId])
OUTPUT INSERTED.[Id]
VALUES (@p0, @p1, @p2, @p3, @p4, @p5, @p6);
2026-09-17 14:27:32.491 +03:00 [INF] [] Executing OkObjectResult, writing value of type 'MJDVerse.Application.DTOs.Movies.MovieDto'.
2026-09-17 14:27:32.497 +03:00 [INF] [] Executed action MJDVerse.API.Controllers.MoviesController.CreateMovie (MJDVerse.API) in 144.7539ms
2026-09-17 14:27:32.499 +03:00 [INF] [] Executed endpoint 'MJDVerse.API.Controllers.MoviesController.CreateMovie (MJDVerse.API)'
2026-09-17 14:27:32.500 +03:00 [INF] [] HTTP POST /api/v1/movies responded 200 in 152.9092 ms
2026-09-17 14:27:32.503 +03:00 [INF] [] Request finished HTTP/1.1 POST https://localhost:5001/api/v1/movies - 200 null application/json; charset=utf-8 165.0047ms
2026-09-17 14:28:16.421 +03:00 [INF] [] Request starting HTTP/1.1 GET https://localhost:5001/api/v1/movies/2/details - null null
2026-09-17 14:28:16.425 +03:00 [INF] [] Executing endpoint 'MJDVerse.API.Controllers.MoviesController.GetMovieDetails (MJDVerse.API)'
2026-09-17 14:28:16.432 +03:00 [INF] [] Route matched with {action = "GetMovieDetails", controller = "Movies"}. Executing controller action with signature System.Threading.Tasks.Task`1[Microsoft.AspNetCore.Mvc.IActionResult] GetMovieDetails(Int32) on controller MJDVerse.API.Controllers.MoviesController (MJDVerse.API).
2026-09-17 14:28:16.456 +03:00 [INF] [] Executed DbCommand (6ms) [Parameters=[@__id_0='?' (DbType = Int32)], CommandType='"Text"', CommandTimeout='30']
SELECT TOP(1) [m].[Id], [m].[AverageRating], [m].[Description], [m].[PosterUrl], [m].[ReleaseDate], [m].[RuntimeMinutes], [m].[Title], [m].[TmdbId]
FROM [Movies] AS [m]
WHERE [m].[Id] = @__id_0
2026-09-17 14:28:16.469 +03:00 [INF] [] Start processing HTTP request GET https://api.themoviedb.org/3/movie/969681?*
2026-09-17 14:28:16.470 +03:00 [INF] [] Sending HTTP request GET https://api.themoviedb.org/3/movie/969681?*
2026-09-17 14:28:16.943 +03:00 [INF] [] Received HTTP response headers after 471.9059ms - 200
2026-09-17 14:28:16.949 +03:00 [INF] [] End processing HTTP request after 480.2304ms - 200
2026-09-17 14:28:16.959 +03:00 [INF] [] Executing OkObjectResult, writing value of type 'MJDVerse.Application.DTOs.External.TmdbMovieDto'.
2026-09-17 14:28:16.966 +03:00 [INF] [] Executed action MJDVerse.API.Controllers.MoviesController.GetMovieDetails (MJDVerse.API) in 531.1897ms
2026-09-17 14:28:16.972 +03:00 [INF] [] Executed endpoint 'MJDVerse.API.Controllers.MoviesController.GetMovieDetails (MJDVerse.API)'
2026-09-17 14:28:16.975 +03:00 [INF] [] HTTP GET /api/v1/movies/2/details responded 200 in 550.6085 ms
2026-09-17 14:28:16.984 +03:00 [INF] [] Request finished HTTP/1.1 GET https://localhost:5001/api/v1/movies/2/details - 200 null application/json; charset=utf-8 562.7659ms
2026-09-17 14:32:09.276 +03:00 [INF] [] Executed DbCommand (22ms) [Parameters=[], CommandType='"Text"', CommandTimeout='30']
SELECT 1
2026-09-17 14:32:09.383 +03:00 [INF] [] Executed DbCommand (54ms) [Parameters=[], CommandType='"Text"', CommandTimeout='30']
SELECT OBJECT_ID(N'[__EFMigrationsHistory]');
2026-09-17 14:32:09.424 +03:00 [INF] [] Executed DbCommand (21ms) [Parameters=[], CommandType='"Text"', CommandTimeout='30']
SELECT [MigrationId], [ProductVersion]
FROM [__EFMigrationsHistory]
ORDER BY [MigrationId];
2026-09-17 14:50:06.325 +03:00 [INF] [] User profile is available. Using 'C:\Users\aalhasani\AppData\Local\ASP.NET\DataProtection-Keys' as key repository and Windows DPAPI to encrypt keys at rest.
2026-09-17 14:50:06.537 +03:00 [WRN] [] The ASP.NET Core developer certificate is not trusted. For information about trusting the ASP.NET Core developer certificate, see https://aka.ms/aspnet/https-trust-dev-cert.
2026-09-17 14:50:06.610 +03:00 [INF] [] Now listening on: https://localhost:5001
2026-09-17 14:50:06.612 +03:00 [INF] [] Now listening on: http://localhost:5000
2026-09-17 14:50:06.773 +03:00 [INF] [] Application started. Press Ctrl+C to shut down.
2026-09-17 14:50:06.776 +03:00 [INF] [] Hosting environment: Development
2026-09-17 14:50:06.778 +03:00 [INF] [] Content root path: C:\Abdulmajeed_Project\ASP.NETCore\MovieManager\MovieManager.UI
2026-09-17 14:50:35.329 +03:00 [INF] [] Request starting HTTP/1.1 POST https://localhost:5001/api/v1/movies/sync-genres - application/json 0
2026-09-17 14:50:35.487 +03:00 [INF] [] Executing endpoint 'MJDVerse.API.Controllers.MoviesController.SyncGenres (MJDVerse.API)'
2026-09-17 14:50:35.534 +03:00 [INF] [] Route matched with {action = "SyncGenres", controller = "Movies"}. Executing controller action with signature System.Threading.Tasks.Task`1[Microsoft.AspNetCore.Mvc.IActionResult] SyncGenres() on controller MJDVerse.API.Controllers.MoviesController (MJDVerse.API).
2026-09-17 14:50:35.773 +03:00 [INF] [] Start processing HTTP request GET https://api.themoviedb.org/3/genre/movie/list?*
2026-09-17 14:50:35.779 +03:00 [INF] [] Sending HTTP request GET https://api.themoviedb.org/3/genre/movie/list?*
2026-09-17 14:50:36.398 +03:00 [INF] [] Received HTTP response headers after 608.6861ms - 200
2026-09-17 14:50:36.410 +03:00 [INF] [] End processing HTTP request after 643.2067ms - 200
2026-09-17 14:50:40.773 +03:00 [INF] [] Executed DbCommand (64ms) [Parameters=[@__p_0='?' (DbType = Int32)], CommandType='"Text"', CommandTimeout='30']
SELECT TOP(1) [g].[Id], [g].[Name]
FROM [Genres] AS [g]
WHERE [g].[Id] = @__p_0
2026-09-17 14:50:40.901 +03:00 [INF] [] Executed DbCommand (7ms) [Parameters=[@__p_0='?' (DbType = Int32)], CommandType='"Text"', CommandTimeout='30']
SELECT TOP(1) [g].[Id], [g].[Name]
FROM [Genres] AS [g]
WHERE [g].[Id] = @__p_0
2026-09-17 14:50:40.907 +03:00 [INF] [] Executed DbCommand (1ms) [Parameters=[@__p_0='?' (DbType = Int32)], CommandType='"Text"', CommandTimeout='30']
SELECT TOP(1) [g].[Id], [g].[Name]
FROM [Genres] AS [g]
WHERE [g].[Id] = @__p_0
2026-09-17 14:50:40.911 +03:00 [INF] [] Executed DbCommand (1ms) [Parameters=[@__p_0='?' (DbType = Int32)], CommandType='"Text"', CommandTimeout='30']
SELECT TOP(1) [g].[Id], [g].[Name]
FROM [Genres] AS [g]
WHERE [g].[Id] = @__p_0
2026-09-17 14:50:40.915 +03:00 [INF] [] Executed DbCommand (1ms) [Parameters=[@__p_0='?' (DbType = Int32)], CommandType='"Text"', CommandTimeout='30']
SELECT TOP(1) [g].[Id], [g].[Name]
FROM [Genres] AS [g]
WHERE [g].[Id] = @__p_0
2026-09-17 14:50:40.920 +03:00 [INF] [] Executed DbCommand (1ms) [Parameters=[@__p_0='?' (DbType = Int32)], CommandType='"Text"', CommandTimeout='30']
SELECT TOP(1) [g].[Id], [g].[Name]
FROM [Genres] AS [g]
WHERE [g].[Id] = @__p_0
2026-09-17 14:50:40.924 +03:00 [INF] [] Executed DbCommand (1ms) [Parameters=[@__p_0='?' (DbType = Int32)], CommandType='"Text"', CommandTimeout='30']
SELECT TOP(1) [g].[Id], [g].[Name]
FROM [Genres] AS [g]
WHERE [g].[Id] = @__p_0
2026-09-17 14:50:40.928 +03:00 [INF] [] Executed DbCommand (1ms) [Parameters=[@__p_0='?' (DbType = Int32)], CommandType='"Text"', CommandTimeout='30']
SELECT TOP(1) [g].[Id], [g].[Name]
FROM [Genres] AS [g]
WHERE [g].[Id] = @__p_0
2026-09-17 14:50:40.932 +03:00 [INF] [] Executed DbCommand (1ms) [Parameters=[@__p_0='?' (DbType = Int32)], CommandType='"Text"', CommandTimeout='30']
SELECT TOP(1) [g].[Id], [g].[Name]
FROM [Genres] AS [g]
WHERE [g].[Id] = @__p_0
2026-09-17 14:50:40.936 +03:00 [INF] [] Executed DbCommand (1ms) [Parameters=[@__p_0='?' (DbType = Int32)], CommandType='"Text"', CommandTimeout='30']
SELECT TOP(1) [g].[Id], [g].[Name]
FROM [Genres] AS [g]
WHERE [g].[Id] = @__p_0
2026-09-17 14:50:40.941 +03:00 [INF] [] Executed DbCommand (1ms) [Parameters=[@__p_0='?' (DbType = Int32)], CommandType='"Text"', CommandTimeout='30']
SELECT TOP(1) [g].[Id], [g].[Name]
FROM [Genres] AS [g]
WHERE [g].[Id] = @__p_0
2026-09-17 14:50:40.945 +03:00 [INF] [] Executed DbCommand (1ms) [Parameters=[@__p_0='?' (DbType = Int32)], CommandType='"Text"', CommandTimeout='30']
SELECT TOP(1) [g].[Id], [g].[Name]
FROM [Genres] AS [g]
WHERE [g].[Id] = @__p_0
2026-09-17 14:50:40.948 +03:00 [INF] [] Executed DbCommand (1ms) [Parameters=[@__p_0='?' (DbType = Int32)], CommandType='"Text"', CommandTimeout='30']
SELECT TOP(1) [g].[Id], [g].[Name]
FROM [Genres] AS [g]
WHERE [g].[Id] = @__p_0
2026-09-17 14:50:40.953 +03:00 [INF] [] Executed DbCommand (1ms) [Parameters=[@__p_0='?' (DbType = Int32)], CommandType='"Text"', CommandTimeout='30']
SELECT TOP(1) [g].[Id], [g].[Name]
FROM [Genres] AS [g]
WHERE [g].[Id] = @__p_0
2026-09-17 14:50:40.957 +03:00 [INF] [] Executed DbCommand (1ms) [Parameters=[@__p_0='?' (DbType = Int32)], CommandType='"Text"', CommandTimeout='30']
SELECT TOP(1) [g].[Id], [g].[Name]
FROM [Genres] AS [g]
WHERE [g].[Id] = @__p_0
2026-09-17 14:50:40.962 +03:00 [INF] [] Executed DbCommand (1ms) [Parameters=[@__p_0='?' (DbType = Int32)], CommandType='"Text"', CommandTimeout='30']
SELECT TOP(1) [g].[Id], [g].[Name]
FROM [Genres] AS [g]
WHERE [g].[Id] = @__p_0
2026-09-17 14:50:40.968 +03:00 [INF] [] Executed DbCommand (1ms) [Parameters=[@__p_0='?' (DbType = Int32)], CommandType='"Text"', CommandTimeout='30']
SELECT TOP(1) [g].[Id], [g].[Name]
FROM [Genres] AS [g]
WHERE [g].[Id] = @__p_0
2026-09-17 14:50:40.973 +03:00 [INF] [] Executed DbCommand (1ms) [Parameters=[@__p_0='?' (DbType = Int32)], CommandType='"Text"', CommandTimeout='30']
SELECT TOP(1) [g].[Id], [g].[Name]
FROM [Genres] AS [g]
WHERE [g].[Id] = @__p_0
2026-09-17 14:50:40.978 +03:00 [INF] [] Executed DbCommand (1ms) [Parameters=[@__p_0='?' (DbType = Int32)], CommandType='"Text"', CommandTimeout='30']
SELECT TOP(1) [g].[Id], [g].[Name]
FROM [Genres] AS [g]
WHERE [g].[Id] = @__p_0
2026-09-17 14:50:41.105 +03:00 [ERR] [] Failed executing DbCommand (10ms) [Parameters=[@p0='?' (DbType = Int32), @p1='?' (Size = 100), @p2='?' (DbType = Int32), @p3='?' (Size = 100), @p4='?' (DbType = Int32), @p5='?' (Size = 100), @p6='?' (DbType = Int32), @p7='?' (Size = 100), @p8='?' (DbType = Int32), @p9='?' (Size = 100), @p10='?' (DbType = Int32), @p11='?' (Size = 100), @p12='?' (DbType = Int32), @p13='?' (Size = 100), @p14='?' (DbType = Int32), @p15='?' (Size = 100), @p16='?' (DbType = Int32), @p17='?' (Size = 100), @p18='?' (DbType = Int32), @p19='?' (Size = 100), @p20='?' (DbType = Int32), @p21='?' (Size = 100), @p22='?' (DbType = Int32), @p23='?' (Size = 100), @p24='?' (DbType = Int32), @p25='?' (Size = 100), @p26='?' (DbType = Int32), @p27='?' (Size = 100), @p28='?' (DbType = Int32), @p29='?' (Size = 100), @p30='?' (DbType = Int32), @p31='?' (Size = 100), @p32='?' (DbType = Int32), @p33='?' (Size = 100), @p34='?' (DbType = Int32), @p35='?' (Size = 100), @p36='?' (DbType = Int32), @p37='?' (Size = 100)], CommandType='"Text"', CommandTimeout='30']
SET IMPLICIT_TRANSACTIONS OFF;
SET NOCOUNT ON;
INSERT INTO [Genres] ([Id], [Name])
VALUES (@p0, @p1),
(@p2, @p3),
(@p4, @p5),
(@p6, @p7),
(@p8, @p9),
(@p10, @p11),
(@p12, @p13),
(@p14, @p15),
(@p16, @p17),
(@p18, @p19),
(@p20, @p21),
(@p22, @p23),
(@p24, @p25),
(@p26, @p27),
(@p28, @p29),
(@p30, @p31),
(@p32, @p33),
(@p34, @p35),
(@p36, @p37);
2026-09-17 14:50:41.136 +03:00 [ERR] [] An exception occurred in the database while saving changes for context type 'MJDVerse.Infrastructure.Context.AppDbContext'.
Microsoft.EntityFrameworkCore.DbUpdateException: An error occurred while saving the entity changes. See the inner exception for details.
 ---> Microsoft.Data.SqlClient.SqlException (0x80131904): Cannot insert explicit value for identity column in table 'Genres' when IDENTITY_INSERT is set to OFF.
   at Microsoft.Data.SqlClient.SqlCommand.<>c.<ExecuteDbDataReaderAsync>b__211_0(Task`1 result)
   at System.Threading.Tasks.ContinuationResultTaskFromResultTask`2.InnerInvoke()
   at System.Threading.ExecutionContext.RunInternal(ExecutionContext executionContext, ContextCallback callback, Object state)
--- End of stack trace from previous location ---
   at System.Threading.ExecutionContext.RunInternal(ExecutionContext executionContext, ContextCallback callback, Object state)
   at System.Threading.Tasks.Task.ExecuteWithThreadLocal(Task& currentTaskSlot, Thread threadPoolThread)
--- End of stack trace from previous location ---
   at Microsoft.EntityFrameworkCore.Storage.RelationalCommand.ExecuteReaderAsync(RelationalCommandParameterObject parameterObject, CancellationToken cancellationToken)
   at Microsoft.EntityFrameworkCore.Storage.RelationalCommand.ExecuteReaderAsync(RelationalCommandParameterObject parameterObject, CancellationToken cancellationToken)
   at Microsoft.EntityFrameworkCore.Update.ReaderModificationCommandBatch.ExecuteAsync(IRelationalConnection connection, CancellationToken cancellationToken)
ClientConnectionId:163313bf-1ef6-4d26-b2ea-ef2207c7a511
Error Number:544,State:1,Class:16
   --- End of inner exception stack trace ---
   at Microsoft.EntityFrameworkCore.Update.ReaderModificationCommandBatch.ExecuteAsync(IRelationalConnection connection, CancellationToken cancellationToken)
   at Microsoft.EntityFrameworkCore.SqlServer.Update.Internal.SqlServerModificationCommandBatch.ExecuteAsync(IRelationalConnection connection, CancellationToken cancellationToken)
   at Microsoft.EntityFrameworkCore.Update.Internal.BatchExecutor.ExecuteAsync(IEnumerable`1 commandBatches, IRelationalConnection connection, CancellationToken cancellationToken)
   at Microsoft.EntityFrameworkCore.Update.Internal.BatchExecutor.ExecuteAsync(IEnumerable`1 commandBatches, IRelationalConnection connection, CancellationToken cancellationToken)
   at Microsoft.EntityFrameworkCore.Update.Internal.BatchExecutor.ExecuteAsync(IEnumerable`1 commandBatches, IRelationalConnection connection, CancellationToken cancellationToken)
   at Microsoft.EntityFrameworkCore.ChangeTracking.Internal.StateManager.SaveChangesAsync(IList`1 entriesToSave, CancellationToken cancellationToken)
   at Microsoft.EntityFrameworkCore.ChangeTracking.Internal.StateManager.SaveChangesAsync(StateManager stateManager, Boolean acceptAllChangesOnSuccess, CancellationToken cancellationToken)
   at Microsoft.EntityFrameworkCore.SqlServer.Storage.Internal.SqlServerExecutionStrategy.ExecuteAsync[TState,TResult](TState state, Func`4 operation, Func`4 verifySucceeded, CancellationToken cancellationToken)
   at Microsoft.EntityFrameworkCore.DbContext.SaveChangesAsync(Boolean acceptAllChangesOnSuccess, CancellationToken cancellationToken)
Microsoft.EntityFrameworkCore.DbUpdateException: An error occurred while saving the entity changes. See the inner exception for details.
 ---> Microsoft.Data.SqlClient.SqlException (0x80131904): Cannot insert explicit value for identity column in table 'Genres' when IDENTITY_INSERT is set to OFF.
   at Microsoft.Data.SqlClient.SqlCommand.<>c.<ExecuteDbDataReaderAsync>b__211_0(Task`1 result)
   at System.Threading.Tasks.ContinuationResultTaskFromResultTask`2.InnerInvoke()
   at System.Threading.ExecutionContext.RunInternal(ExecutionContext executionContext, ContextCallback callback, Object state)
--- End of stack trace from previous location ---
   at System.Threading.ExecutionContext.RunInternal(ExecutionContext executionContext, ContextCallback callback, Object state)
   at System.Threading.Tasks.Task.ExecuteWithThreadLocal(Task& currentTaskSlot, Thread threadPoolThread)
--- End of stack trace from previous location ---
   at Microsoft.EntityFrameworkCore.Storage.RelationalCommand.ExecuteReaderAsync(RelationalCommandParameterObject parameterObject, CancellationToken cancellationToken)
   at Microsoft.EntityFrameworkCore.Storage.RelationalCommand.ExecuteReaderAsync(RelationalCommandParameterObject parameterObject, CancellationToken cancellationToken)
   at Microsoft.EntityFrameworkCore.Update.ReaderModificationCommandBatch.ExecuteAsync(IRelationalConnection connection, CancellationToken cancellationToken)
ClientConnectionId:163313bf-1ef6-4d26-b2ea-ef2207c7a511
Error Number:544,State:1,Class:16
   --- End of inner exception stack trace ---
   at Microsoft.EntityFrameworkCore.Update.ReaderModificationCommandBatch.ExecuteAsync(IRelationalConnection connection, CancellationToken cancellationToken)
   at Microsoft.EntityFrameworkCore.SqlServer.Update.Internal.SqlServerModificationCommandBatch.ExecuteAsync(IRelationalConnection connection, CancellationToken cancellationToken)
   at Microsoft.EntityFrameworkCore.Update.Internal.BatchExecutor.ExecuteAsync(IEnumerable`1 commandBatches, IRelationalConnection connection, CancellationToken cancellationToken)
   at Microsoft.EntityFrameworkCore.Update.Internal.BatchExecutor.ExecuteAsync(IEnumerable`1 commandBatches, IRelationalConnection connection, CancellationToken cancellationToken)
   at Microsoft.EntityFrameworkCore.Update.Internal.BatchExecutor.ExecuteAsync(IEnumerable`1 commandBatches, IRelationalConnection connection, CancellationToken cancellationToken)
   at Microsoft.EntityFrameworkCore.ChangeTracking.Internal.StateManager.SaveChangesAsync(IList`1 entriesToSave, CancellationToken cancellationToken)
   at Microsoft.EntityFrameworkCore.ChangeTracking.Internal.StateManager.SaveChangesAsync(StateManager stateManager, Boolean acceptAllChangesOnSuccess, CancellationToken cancellationToken)
   at Microsoft.EntityFrameworkCore.SqlServer.Storage.Internal.SqlServerExecutionStrategy.ExecuteAsync[TState,TResult](TState state, Func`4 operation, Func`4 verifySucceeded, CancellationToken cancellationToken)
   at Microsoft.EntityFrameworkCore.DbContext.SaveChangesAsync(Boolean acceptAllChangesOnSuccess, CancellationToken cancellationToken)
2026-09-17 14:50:41.358 +03:00 [INF] [] Executed action MJDVerse.API.Controllers.MoviesController.SyncGenres (MJDVerse.API) in 5816.4535ms
2026-09-17 14:50:41.361 +03:00 [INF] [] Executed endpoint 'MJDVerse.API.Controllers.MoviesController.SyncGenres (MJDVerse.API)'
2026-09-17 14:50:41.367 +03:00 [ERR] [] HTTP POST /api/v1/movies/sync-genres responded 500 in 6005.7378 ms
Microsoft.EntityFrameworkCore.DbUpdateException: An error occurred while saving the entity changes. See the inner exception for details.
 ---> Microsoft.Data.SqlClient.SqlException (0x80131904): Cannot insert explicit value for identity column in table 'Genres' when IDENTITY_INSERT is set to OFF.
   at Microsoft.Data.SqlClient.SqlCommand.<>c.<ExecuteDbDataReaderAsync>b__211_0(Task`1 result)
   at System.Threading.Tasks.ContinuationResultTaskFromResultTask`2.InnerInvoke()
   at System.Threading.ExecutionContext.RunInternal(ExecutionContext executionContext, ContextCallback callback, Object state)
--- End of stack trace from previous location ---
   at System.Threading.ExecutionContext.RunInternal(ExecutionContext executionContext, ContextCallback callback, Object state)
   at System.Threading.Tasks.Task.ExecuteWithThreadLocal(Task& currentTaskSlot, Thread threadPoolThread)
--- End of stack trace from previous location ---
   at Microsoft.EntityFrameworkCore.Storage.RelationalCommand.ExecuteReaderAsync(RelationalCommandParameterObject parameterObject, CancellationToken cancellationToken)
   at Microsoft.EntityFrameworkCore.Storage.RelationalCommand.ExecuteReaderAsync(RelationalCommandParameterObject parameterObject, CancellationToken cancellationToken)
   at Microsoft.EntityFrameworkCore.Update.ReaderModificationCommandBatch.ExecuteAsync(IRelationalConnection connection, CancellationToken cancellationToken)
ClientConnectionId:163313bf-1ef6-4d26-b2ea-ef2207c7a511
Error Number:544,State:1,Class:16
   --- End of inner exception stack trace ---
   at Microsoft.EntityFrameworkCore.Update.ReaderModificationCommandBatch.ExecuteAsync(IRelationalConnection connection, CancellationToken cancellationToken)
   at Microsoft.EntityFrameworkCore.SqlServer.Update.Internal.SqlServerModificationCommandBatch.ExecuteAsync(IRelationalConnection connection, CancellationToken cancellationToken)
   at Microsoft.EntityFrameworkCore.Update.Internal.BatchExecutor.ExecuteAsync(IEnumerable`1 commandBatches, IRelationalConnection connection, CancellationToken cancellationToken)
   at Microsoft.EntityFrameworkCore.Update.Internal.BatchExecutor.ExecuteAsync(IEnumerable`1 commandBatches, IRelationalConnection connection, CancellationToken cancellationToken)
   at Microsoft.EntityFrameworkCore.Update.Internal.BatchExecutor.ExecuteAsync(IEnumerable`1 commandBatches, IRelationalConnection connection, CancellationToken cancellationToken)
   at Microsoft.EntityFrameworkCore.ChangeTracking.Internal.StateManager.SaveChangesAsync(IList`1 entriesToSave, CancellationToken cancellationToken)
   at Microsoft.EntityFrameworkCore.ChangeTracking.Internal.StateManager.SaveChangesAsync(StateManager stateManager, Boolean acceptAllChangesOnSuccess, CancellationToken cancellationToken)
   at Microsoft.EntityFrameworkCore.SqlServer.Storage.Internal.SqlServerExecutionStrategy.ExecuteAsync[TState,TResult](TState state, Func`4 operation, Func`4 verifySucceeded, CancellationToken cancellationToken)
   at Microsoft.EntityFrameworkCore.DbContext.SaveChangesAsync(Boolean acceptAllChangesOnSuccess, CancellationToken cancellationToken)
   at Microsoft.EntityFrameworkCore.DbContext.SaveChangesAsync(Boolean acceptAllChangesOnSuccess, CancellationToken cancellationToken)
   at MJDVerse.Infrastructure.Repositories.GenreRepository.SaveChangesAsync() in C:\Abdulmajeed_Project\ASP.NETCore\MovieManager\MovieManager.Infrastructure\Repositories\GenreRepository.cs:line 52
   at MJDVerse.Application.Services.MovieService.SyncGenresAsync() in C:\Abdulmajeed_Project\ASP.NETCore\MovieManager\MovieManager.Core\Services\MovieService.cs:line 246
   at MJDVerse.API.Controllers.MoviesController.SyncGenres() in C:\Abdulmajeed_Project\ASP.NETCore\MovieManager\MovieManager.UI\Controllers\MoviesController.cs:line 168
   at Microsoft.AspNetCore.Mvc.Infrastructure.ActionMethodExecutor.TaskOfIActionResultExecutor.Execute(ActionContext actionContext, IActionResultTypeMapper mapper, ObjectMethodExecutor executor, Object controller, Object[] arguments)
   at Microsoft.AspNetCore.Mvc.Infrastructure.ControllerActionInvoker.<InvokeActionMethodAsync>g__Awaited|12_0(ControllerActionInvoker invoker, ValueTask`1 actionResultValueTask)
   at Microsoft.AspNetCore.Mvc.Infrastructure.ControllerActionInvoker.<InvokeNextActionFilterAsync>g__Awaited|10_0(ControllerActionInvoker invoker, Task lastTask, State next, Scope scope, Object state, Boolean isCompleted)
   at Microsoft.AspNetCore.Mvc.Infrastructure.ControllerActionInvoker.Rethrow(ActionExecutedContextSealed context)
   at Microsoft.AspNetCore.Mvc.Infrastructure.ControllerActionInvoker.Next(State& next, Scope& scope, Object& state, Boolean& isCompleted)
   at Microsoft.AspNetCore.Mvc.Infrastructure.ControllerActionInvoker.<InvokeInnerFilterAsync>g__Awaited|13_0(ControllerActionInvoker invoker, Task lastTask, State next, Scope scope, Object state, Boolean isCompleted)
   at Microsoft.AspNetCore.Mvc.Infrastructure.ResourceInvoker.<InvokeFilterPipelineAsync>g__Awaited|20_0(ResourceInvoker invoker, Task lastTask, State next, Scope scope, Object state, Boolean isCompleted)
   at Microsoft.AspNetCore.Mvc.Infrastructure.ResourceInvoker.<InvokeAsync>g__Logged|17_1(ResourceInvoker invoker)
   at Microsoft.AspNetCore.Mvc.Infrastructure.ResourceInvoker.<InvokeAsync>g__Logged|17_1(ResourceInvoker invoker)
   at Microsoft.AspNetCore.Routing.EndpointMiddleware.<Invoke>g__AwaitRequestTask|7_0(Endpoint endpoint, Task requestTask, ILogger logger)
   at Microsoft.AspNetCore.Authorization.AuthorizationMiddleware.Invoke(HttpContext context)
   at Microsoft.AspNetCore.Authentication.AuthenticationMiddleware.Invoke(HttpContext context)
   at Serilog.AspNetCore.RequestLoggingMiddleware.Invoke(HttpContext httpContext)
2026-09-17 14:50:41.674 +03:00 [INF] [] Request finished HTTP/1.1 POST https://localhost:5001/api/v1/movies/sync-genres - 500 null application/json 6359.1614ms
2026-09-17 14:51:24.357 +03:00 [INF] [] Request starting HTTP/1.1 POST https://localhost:5001/api/v1/movies/sync-genres - application/json 0
2026-09-17 14:51:24.614 +03:00 [INF] [] Executing endpoint 'MJDVerse.API.Controllers.MoviesController.SyncGenres (MJDVerse.API)'
2026-09-17 14:51:24.619 +03:00 [INF] [] Route matched with {action = "SyncGenres", controller = "Movies"}. Executing controller action with signature System.Threading.Tasks.Task`1[Microsoft.AspNetCore.Mvc.IActionResult] SyncGenres() on controller MJDVerse.API.Controllers.MoviesController (MJDVerse.API).
2026-09-17 14:51:24.634 +03:00 [INF] [] Start processing HTTP request GET https://api.themoviedb.org/3/genre/movie/list?*
2026-09-17 14:51:24.640 +03:00 [INF] [] Sending HTTP request GET https://api.themoviedb.org/3/genre/movie/list?*
2026-09-17 14:51:24.718 +03:00 [INF] [] Received HTTP response headers after 73.2885ms - 200
2026-09-17 14:51:24.723 +03:00 [INF] [] End processing HTTP request after 88.5671ms - 200
2026-09-17 14:51:24.814 +03:00 [INF] [] Executed DbCommand (3ms) [Parameters=[@__p_0='?' (DbType = Int32)], CommandType='"Text"', CommandTimeout='30']
SELECT TOP(1) [g].[Id], [g].[Name]
FROM [Genres] AS [g]
WHERE [g].[Id] = @__p_0
2026-09-17 14:51:24.831 +03:00 [INF] [] Executed DbCommand (3ms) [Parameters=[@__p_0='?' (DbType = Int32)], CommandType='"Text"', CommandTimeout='30']
SELECT TOP(1) [g].[Id], [g].[Name]
FROM [Genres] AS [g]
WHERE [g].[Id] = @__p_0
2026-09-17 14:51:24.845 +03:00 [INF] [] Executed DbCommand (3ms) [Parameters=[@__p_0='?' (DbType = Int32)], CommandType='"Text"', CommandTimeout='30']
SELECT TOP(1) [g].[Id], [g].[Name]
FROM [Genres] AS [g]
WHERE [g].[Id] = @__p_0
2026-09-17 14:51:24.860 +03:00 [INF] [] Executed DbCommand (3ms) [Parameters=[@__p_0='?' (DbType = Int32)], CommandType='"Text"', CommandTimeout='30']
SELECT TOP(1) [g].[Id], [g].[Name]
FROM [Genres] AS [g]
WHERE [g].[Id] = @__p_0
2026-09-17 14:51:24.870 +03:00 [INF] [] Executed DbCommand (1ms) [Parameters=[@__p_0='?' (DbType = Int32)], CommandType='"Text"', CommandTimeout='30']
SELECT TOP(1) [g].[Id], [g].[Name]
FROM [Genres] AS [g]
WHERE [g].[Id] = @__p_0
2026-09-17 14:51:24.876 +03:00 [INF] [] Executed DbCommand (2ms) [Parameters=[@__p_0='?' (DbType = Int32)], CommandType='"Text"', CommandTimeout='30']
SELECT TOP(1) [g].[Id], [g].[Name]
FROM [Genres] AS [g]
WHERE [g].[Id] = @__p_0
2026-09-17 14:51:24.881 +03:00 [INF] [] Executed DbCommand (1ms) [Parameters=[@__p_0='?' (DbType = Int32)], CommandType='"Text"', CommandTimeout='30']
SELECT TOP(1) [g].[Id], [g].[Name]
FROM [Genres] AS [g]
WHERE [g].[Id] = @__p_0
2026-09-17 14:51:24.885 +03:00 [INF] [] Executed DbCommand (1ms) [Parameters=[@__p_0='?' (DbType = Int32)], CommandType='"Text"', CommandTimeout='30']
SELECT TOP(1) [g].[Id], [g].[Name]
FROM [Genres] AS [g]
WHERE [g].[Id] = @__p_0
2026-09-17 14:51:24.890 +03:00 [INF] [] Executed DbCommand (1ms) [Parameters=[@__p_0='?' (DbType = Int32)], CommandType='"Text"', CommandTimeout='30']
SELECT TOP(1) [g].[Id], [g].[Name]
FROM [Genres] AS [g]
WHERE [g].[Id] = @__p_0
2026-09-17 14:51:24.895 +03:00 [INF] [] Executed DbCommand (1ms) [Parameters=[@__p_0='?' (DbType = Int32)], CommandType='"Text"', CommandTimeout='30']
SELECT TOP(1) [g].[Id], [g].[Name]
FROM [Genres] AS [g]
WHERE [g].[Id] = @__p_0
2026-09-17 14:51:24.899 +03:00 [INF] [] Executed DbCommand (1ms) [Parameters=[@__p_0='?' (DbType = Int32)], CommandType='"Text"', CommandTimeout='30']
SELECT TOP(1) [g].[Id], [g].[Name]
FROM [Genres] AS [g]
WHERE [g].[Id] = @__p_0
2026-09-17 14:51:24.903 +03:00 [INF] [] Executed DbCommand (1ms) [Parameters=[@__p_0='?' (DbType = Int32)], CommandType='"Text"', CommandTimeout='30']
SELECT TOP(1) [g].[Id], [g].[Name]
FROM [Genres] AS [g]
WHERE [g].[Id] = @__p_0
2026-09-17 14:51:24.908 +03:00 [INF] [] Executed DbCommand (1ms) [Parameters=[@__p_0='?' (DbType = Int32)], CommandType='"Text"', CommandTimeout='30']
SELECT TOP(1) [g].[Id], [g].[Name]
FROM [Genres] AS [g]
WHERE [g].[Id] = @__p_0
2026-09-17 14:51:24.912 +03:00 [INF] [] Executed DbCommand (1ms) [Parameters=[@__p_0='?' (DbType = Int32)], CommandType='"Text"', CommandTimeout='30']
SELECT TOP(1) [g].[Id], [g].[Name]
FROM [Genres] AS [g]
WHERE [g].[Id] = @__p_0
2026-09-17 14:51:24.916 +03:00 [INF] [] Executed DbCommand (1ms) [Parameters=[@__p_0='?' (DbType = Int32)], CommandType='"Text"', CommandTimeout='30']
SELECT TOP(1) [g].[Id], [g].[Name]
FROM [Genres] AS [g]
WHERE [g].[Id] = @__p_0
2026-09-17 14:51:24.920 +03:00 [INF] [] Executed DbCommand (1ms) [Parameters=[@__p_0='?' (DbType = Int32)], CommandType='"Text"', CommandTimeout='30']
SELECT TOP(1) [g].[Id], [g].[Name]
FROM [Genres] AS [g]
WHERE [g].[Id] = @__p_0
2026-09-17 14:51:24.925 +03:00 [INF] [] Executed DbCommand (1ms) [Parameters=[@__p_0='?' (DbType = Int32)], CommandType='"Text"', CommandTimeout='30']
SELECT TOP(1) [g].[Id], [g].[Name]
FROM [Genres] AS [g]
WHERE [g].[Id] = @__p_0
2026-09-17 14:51:24.929 +03:00 [INF] [] Executed DbCommand (1ms) [Parameters=[@__p_0='?' (DbType = Int32)], CommandType='"Text"', CommandTimeout='30']
SELECT TOP(1) [g].[Id], [g].[Name]
FROM [Genres] AS [g]
WHERE [g].[Id] = @__p_0
2026-09-17 14:51:24.933 +03:00 [INF] [] Executed DbCommand (1ms) [Parameters=[@__p_0='?' (DbType = Int32)], CommandType='"Text"', CommandTimeout='30']
SELECT TOP(1) [g].[Id], [g].[Name]
FROM [Genres] AS [g]
WHERE [g].[Id] = @__p_0
2026-09-17 14:51:24.942 +03:00 [ERR] [] Failed executing DbCommand (3ms) [Parameters=[@p0='?' (DbType = Int32), @p1='?' (Size = 100), @p2='?' (DbType = Int32), @p3='?' (Size = 100), @p4='?' (DbType = Int32), @p5='?' (Size = 100), @p6='?' (DbType = Int32), @p7='?' (Size = 100), @p8='?' (DbType = Int32), @p9='?' (Size = 100), @p10='?' (DbType = Int32), @p11='?' (Size = 100), @p12='?' (DbType = Int32), @p13='?' (Size = 100), @p14='?' (DbType = Int32), @p15='?' (Size = 100), @p16='?' (DbType = Int32), @p17='?' (Size = 100), @p18='?' (DbType = Int32), @p19='?' (Size = 100), @p20='?' (DbType = Int32), @p21='?' (Size = 100), @p22='?' (DbType = Int32), @p23='?' (Size = 100), @p24='?' (DbType = Int32), @p25='?' (Size = 100), @p26='?' (DbType = Int32), @p27='?' (Size = 100), @p28='?' (DbType = Int32), @p29='?' (Size = 100), @p30='?' (DbType = Int32), @p31='?' (Size = 100), @p32='?' (DbType = Int32), @p33='?' (Size = 100), @p34='?' (DbType = Int32), @p35='?' (Size = 100), @p36='?' (DbType = Int32), @p37='?' (Size = 100)], CommandType='"Text"', CommandTimeout='30']
SET IMPLICIT_TRANSACTIONS OFF;
SET NOCOUNT ON;
INSERT INTO [Genres] ([Id], [Name])
VALUES (@p0, @p1),
(@p2, @p3),
(@p4, @p5),
(@p6, @p7),
(@p8, @p9),
(@p10, @p11),
(@p12, @p13),
(@p14, @p15),
(@p16, @p17),
(@p18, @p19),
(@p20, @p21),
(@p22, @p23),
(@p24, @p25),
(@p26, @p27),
(@p28, @p29),
(@p30, @p31),
(@p32, @p33),
(@p34, @p35),
(@p36, @p37);
2026-09-17 14:51:24.948 +03:00 [ERR] [] An exception occurred in the database while saving changes for context type 'MJDVerse.Infrastructure.Context.AppDbContext'.
Microsoft.EntityFrameworkCore.DbUpdateException: An error occurred while saving the entity changes. See the inner exception for details.
 ---> Microsoft.Data.SqlClient.SqlException (0x80131904): Cannot insert explicit value for identity column in table 'Genres' when IDENTITY_INSERT is set to OFF.
   at Microsoft.Data.SqlClient.SqlCommand.<>c.<ExecuteDbDataReaderAsync>b__211_0(Task`1 result)
   at System.Threading.Tasks.ContinuationResultTaskFromResultTask`2.InnerInvoke()
   at System.Threading.ExecutionContext.RunInternal(ExecutionContext executionContext, ContextCallback callback, Object state)
--- End of stack trace from previous location ---
   at System.Threading.ExecutionContext.RunInternal(ExecutionContext executionContext, ContextCallback callback, Object state)
   at System.Threading.Tasks.Task.ExecuteWithThreadLocal(Task& currentTaskSlot, Thread threadPoolThread)
--- End of stack trace from previous location ---
   at Microsoft.EntityFrameworkCore.Storage.RelationalCommand.ExecuteReaderAsync(RelationalCommandParameterObject parameterObject, CancellationToken cancellationToken)
   at Microsoft.EntityFrameworkCore.Storage.RelationalCommand.ExecuteReaderAsync(RelationalCommandParameterObject parameterObject, CancellationToken cancellationToken)
   at Microsoft.EntityFrameworkCore.Update.ReaderModificationCommandBatch.ExecuteAsync(IRelationalConnection connection, CancellationToken cancellationToken)
ClientConnectionId:163313bf-1ef6-4d26-b2ea-ef2207c7a511
Error Number:544,State:1,Class:16
   --- End of inner exception stack trace ---
   at Microsoft.EntityFrameworkCore.Update.ReaderModificationCommandBatch.ExecuteAsync(IRelationalConnection connection, CancellationToken cancellationToken)
   at Microsoft.EntityFrameworkCore.SqlServer.Update.Internal.SqlServerModificationCommandBatch.ExecuteAsync(IRelationalConnection connection, CancellationToken cancellationToken)
   at Microsoft.EntityFrameworkCore.Update.Internal.BatchExecutor.ExecuteAsync(IEnumerable`1 commandBatches, IRelationalConnection connection, CancellationToken cancellationToken)
   at Microsoft.EntityFrameworkCore.Update.Internal.BatchExecutor.ExecuteAsync(IEnumerable`1 commandBatches, IRelationalConnection connection, CancellationToken cancellationToken)
   at Microsoft.EntityFrameworkCore.Update.Internal.BatchExecutor.ExecuteAsync(IEnumerable`1 commandBatches, IRelationalConnection connection, CancellationToken cancellationToken)
   at Microsoft.EntityFrameworkCore.ChangeTracking.Internal.StateManager.SaveChangesAsync(IList`1 entriesToSave, CancellationToken cancellationToken)
   at Microsoft.EntityFrameworkCore.ChangeTracking.Internal.StateManager.SaveChangesAsync(StateManager stateManager, Boolean acceptAllChangesOnSuccess, CancellationToken cancellationToken)
   at Microsoft.EntityFrameworkCore.SqlServer.Storage.Internal.SqlServerExecutionStrategy.ExecuteAsync[TState,TResult](TState state, Func`4 operation, Func`4 verifySucceeded, CancellationToken cancellationToken)
   at Microsoft.EntityFrameworkCore.DbContext.SaveChangesAsync(Boolean acceptAllChangesOnSuccess, CancellationToken cancellationToken)
Microsoft.EntityFrameworkCore.DbUpdateException: An error occurred while saving the entity changes. See the inner exception for details.
 ---> Microsoft.Data.SqlClient.SqlException (0x80131904): Cannot insert explicit value for identity column in table 'Genres' when IDENTITY_INSERT is set to OFF.
   at Microsoft.Data.SqlClient.SqlCommand.<>c.<ExecuteDbDataReaderAsync>b__211_0(Task`1 result)
   at System.Threading.Tasks.ContinuationResultTaskFromResultTask`2.InnerInvoke()
   at System.Threading.ExecutionContext.RunInternal(ExecutionContext executionContext, ContextCallback callback, Object state)
--- End of stack trace from previous location ---
   at System.Threading.ExecutionContext.RunInternal(ExecutionContext executionContext, ContextCallback callback, Object state)
   at System.Threading.Tasks.Task.ExecuteWithThreadLocal(Task& currentTaskSlot, Thread threadPoolThread)
--- End of stack trace from previous location ---
   at Microsoft.EntityFrameworkCore.Storage.RelationalCommand.ExecuteReaderAsync(RelationalCommandParameterObject parameterObject, CancellationToken cancellationToken)
   at Microsoft.EntityFrameworkCore.Storage.RelationalCommand.ExecuteReaderAsync(RelationalCommandParameterObject parameterObject, CancellationToken cancellationToken)
   at Microsoft.EntityFrameworkCore.Update.ReaderModificationCommandBatch.ExecuteAsync(IRelationalConnection connection, CancellationToken cancellationToken)
ClientConnectionId:163313bf-1ef6-4d26-b2ea-ef2207c7a511
Error Number:544,State:1,Class:16
   --- End of inner exception stack trace ---
   at Microsoft.EntityFrameworkCore.Update.ReaderModificationCommandBatch.ExecuteAsync(IRelationalConnection connection, CancellationToken cancellationToken)
   at Microsoft.EntityFrameworkCore.SqlServer.Update.Internal.SqlServerModificationCommandBatch.ExecuteAsync(IRelationalConnection connection, CancellationToken cancellationToken)
   at Microsoft.EntityFrameworkCore.Update.Internal.BatchExecutor.ExecuteAsync(IEnumerable`1 commandBatches, IRelationalConnection connection, CancellationToken cancellationToken)
   at Microsoft.EntityFrameworkCore.Update.Internal.BatchExecutor.ExecuteAsync(IEnumerable`1 commandBatches, IRelationalConnection connection, CancellationToken cancellationToken)
   at Microsoft.EntityFrameworkCore.Update.Internal.BatchExecutor.ExecuteAsync(IEnumerable`1 commandBatches, IRelationalConnection connection, CancellationToken cancellationToken)
   at Microsoft.EntityFrameworkCore.ChangeTracking.Internal.StateManager.SaveChangesAsync(IList`1 entriesToSave, CancellationToken cancellationToken)
   at Microsoft.EntityFrameworkCore.ChangeTracking.Internal.StateManager.SaveChangesAsync(StateManager stateManager, Boolean acceptAllChangesOnSuccess, CancellationToken cancellationToken)
   at Microsoft.EntityFrameworkCore.SqlServer.Storage.Internal.SqlServerExecutionStrategy.ExecuteAsync[TState,TResult](TState state, Func`4 operation, Func`4 verifySucceeded, CancellationToken cancellationToken)
   at Microsoft.EntityFrameworkCore.DbContext.SaveChangesAsync(Boolean acceptAllChangesOnSuccess, CancellationToken cancellationToken)
2026-09-17 14:51:25.325 +03:00 [INF] [] Executed action MJDVerse.API.Controllers.MoviesController.SyncGenres (MJDVerse.API) in 698.5286ms
2026-09-17 14:51:25.332 +03:00 [INF] [] Executed endpoint 'MJDVerse.API.Controllers.MoviesController.SyncGenres (MJDVerse.API)'
2026-09-17 14:51:25.339 +03:00 [ERR] [] HTTP POST /api/v1/movies/sync-genres responded 500 in 967.8974 ms
Microsoft.EntityFrameworkCore.DbUpdateException: An error occurred while saving the entity changes. See the inner exception for details.
 ---> Microsoft.Data.SqlClient.SqlException (0x80131904): Cannot insert explicit value for identity column in table 'Genres' when IDENTITY_INSERT is set to OFF.
   at Microsoft.Data.SqlClient.SqlCommand.<>c.<ExecuteDbDataReaderAsync>b__211_0(Task`1 result)
   at System.Threading.Tasks.ContinuationResultTaskFromResultTask`2.InnerInvoke()
   at System.Threading.ExecutionContext.RunInternal(ExecutionContext executionContext, ContextCallback callback, Object state)
--- End of stack trace from previous location ---
   at System.Threading.ExecutionContext.RunInternal(ExecutionContext executionContext, ContextCallback callback, Object state)
   at System.Threading.Tasks.Task.ExecuteWithThreadLocal(Task& currentTaskSlot, Thread threadPoolThread)
--- End of stack trace from previous location ---
   at Microsoft.EntityFrameworkCore.Storage.RelationalCommand.ExecuteReaderAsync(RelationalCommandParameterObject parameterObject, CancellationToken cancellationToken)
   at Microsoft.EntityFrameworkCore.Storage.RelationalCommand.ExecuteReaderAsync(RelationalCommandParameterObject parameterObject, CancellationToken cancellationToken)
   at Microsoft.EntityFrameworkCore.Update.ReaderModificationCommandBatch.ExecuteAsync(IRelationalConnection connection, CancellationToken cancellationToken)
ClientConnectionId:163313bf-1ef6-4d26-b2ea-ef2207c7a511
Error Number:544,State:1,Class:16
   --- End of inner exception stack trace ---
   at Microsoft.EntityFrameworkCore.Update.ReaderModificationCommandBatch.ExecuteAsync(IRelationalConnection connection, CancellationToken cancellationToken)
   at Microsoft.EntityFrameworkCore.SqlServer.Update.Internal.SqlServerModificationCommandBatch.ExecuteAsync(IRelationalConnection connection, CancellationToken cancellationToken)
   at Microsoft.EntityFrameworkCore.Update.Internal.BatchExecutor.ExecuteAsync(IEnumerable`1 commandBatches, IRelationalConnection connection, CancellationToken cancellationToken)
   at Microsoft.EntityFrameworkCore.Update.Internal.BatchExecutor.ExecuteAsync(IEnumerable`1 commandBatches, IRelationalConnection connection, CancellationToken cancellationToken)
   at Microsoft.EntityFrameworkCore.Update.Internal.BatchExecutor.ExecuteAsync(IEnumerable`1 commandBatches, IRelationalConnection connection, CancellationToken cancellationToken)
   at Microsoft.EntityFrameworkCore.ChangeTracking.Internal.StateManager.SaveChangesAsync(IList`1 entriesToSave, CancellationToken cancellationToken)
   at Microsoft.EntityFrameworkCore.ChangeTracking.Internal.StateManager.SaveChangesAsync(StateManager stateManager, Boolean acceptAllChangesOnSuccess, CancellationToken cancellationToken)
   at Microsoft.EntityFrameworkCore.SqlServer.Storage.Internal.SqlServerExecutionStrategy.ExecuteAsync[TState,TResult](TState state, Func`4 operation, Func`4 verifySucceeded, CancellationToken cancellationToken)
   at Microsoft.EntityFrameworkCore.DbContext.SaveChangesAsync(Boolean acceptAllChangesOnSuccess, CancellationToken cancellationToken)
   at Microsoft.EntityFrameworkCore.DbContext.SaveChangesAsync(Boolean acceptAllChangesOnSuccess, CancellationToken cancellationToken)
   at MJDVerse.Infrastructure.Repositories.GenreRepository.SaveChangesAsync() in C:\Abdulmajeed_Project\ASP.NETCore\MovieManager\MovieManager.Infrastructure\Repositories\GenreRepository.cs:line 52
   at MJDVerse.Application.Services.MovieService.SyncGenresAsync() in C:\Abdulmajeed_Project\ASP.NETCore\MovieManager\MovieManager.Core\Services\MovieService.cs:line 246
   at MJDVerse.API.Controllers.MoviesController.SyncGenres() in C:\Abdulmajeed_Project\ASP.NETCore\MovieManager\MovieManager.UI\Controllers\MoviesController.cs:line 168
   at Microsoft.AspNetCore.Mvc.Infrastructure.ActionMethodExecutor.TaskOfIActionResultExecutor.Execute(ActionContext actionContext, IActionResultTypeMapper mapper, ObjectMethodExecutor executor, Object controller, Object[] arguments)
   at Microsoft.AspNetCore.Mvc.Infrastructure.ControllerActionInvoker.<InvokeActionMethodAsync>g__Awaited|12_0(ControllerActionInvoker invoker, ValueTask`1 actionResultValueTask)
   at Microsoft.AspNetCore.Mvc.Infrastructure.ControllerActionInvoker.<InvokeNextActionFilterAsync>g__Awaited|10_0(ControllerActionInvoker invoker, Task lastTask, State next, Scope scope, Object state, Boolean isCompleted)
   at Microsoft.AspNetCore.Mvc.Infrastructure.ControllerActionInvoker.Rethrow(ActionExecutedContextSealed context)
   at Microsoft.AspNetCore.Mvc.Infrastructure.ControllerActionInvoker.Next(State& next, Scope& scope, Object& state, Boolean& isCompleted)
   at Microsoft.AspNetCore.Mvc.Infrastructure.ControllerActionInvoker.<InvokeInnerFilterAsync>g__Awaited|13_0(ControllerActionInvoker invoker, Task lastTask, State next, Scope scope, Object state, Boolean isCompleted)
   at Microsoft.AspNetCore.Mvc.Infrastructure.ResourceInvoker.<InvokeFilterPipelineAsync>g__Awaited|20_0(ResourceInvoker invoker, Task lastTask, State next, Scope scope, Object state, Boolean isCompleted)
   at Microsoft.AspNetCore.Mvc.Infrastructure.ResourceInvoker.<InvokeAsync>g__Logged|17_1(ResourceInvoker invoker)
   at Microsoft.AspNetCore.Mvc.Infrastructure.ResourceInvoker.<InvokeAsync>g__Logged|17_1(ResourceInvoker invoker)
   at Microsoft.AspNetCore.Routing.EndpointMiddleware.<Invoke>g__AwaitRequestTask|7_0(Endpoint endpoint, Task requestTask, ILogger logger)
   at Microsoft.AspNetCore.Authorization.AuthorizationMiddleware.Invoke(HttpContext context)
   at Microsoft.AspNetCore.Authentication.AuthenticationMiddleware.Invoke(HttpContext context)
   at Serilog.AspNetCore.RequestLoggingMiddleware.Invoke(HttpContext httpContext)
2026-09-17 14:51:25.905 +03:00 [INF] [] Request finished HTTP/1.1 POST https://localhost:5001/api/v1/movies/sync-genres - 500 null application/json 1563.2312ms
2026-09-17 15:00:05.036 +03:00 [INF] [] Executed DbCommand (20ms) [Parameters=[], CommandType='"Text"', CommandTimeout='30']
SELECT 1
2026-09-17 15:00:05.160 +03:00 [INF] [] Executed DbCommand (60ms) [Parameters=[], CommandType='"Text"', CommandTimeout='30']
SELECT OBJECT_ID(N'[__EFMigrationsHistory]');
2026-09-17 15:00:05.165 +03:00 [INF] [] Executed DbCommand (2ms) [Parameters=[], CommandType='"Text"', CommandTimeout='30']
SELECT 1
2026-09-17 15:00:05.166 +03:00 [INF] [] Executed DbCommand (1ms) [Parameters=[], CommandType='"Text"', CommandTimeout='30']
SELECT OBJECT_ID(N'[__EFMigrationsHistory]');
2026-09-17 15:00:05.192 +03:00 [INF] [] Executed DbCommand (4ms) [Parameters=[], CommandType='"Text"', CommandTimeout='30']
SELECT [MigrationId], [ProductVersion]
FROM [__EFMigrationsHistory]
ORDER BY [MigrationId];
2026-09-17 15:00:05.231 +03:00 [INF] [] Applying migration '20260917115939_MakeGenreIdNonIdentity'.
2026-09-17 15:13:39.992 +03:00 [INF] [] Executed DbCommand (18ms) [Parameters=[], CommandType='"Text"', CommandTimeout='30']
SELECT 1
2026-09-17 15:13:40.061 +03:00 [INF] [] Executed DbCommand (14ms) [Parameters=[], CommandType='"Text"', CommandTimeout='30']
SELECT OBJECT_ID(N'[__EFMigrationsHistory]');
2026-09-17 15:13:40.064 +03:00 [INF] [] Executed DbCommand (1ms) [Parameters=[], CommandType='"Text"', CommandTimeout='30']
SELECT 1
2026-09-17 15:13:40.064 +03:00 [INF] [] Executed DbCommand (0ms) [Parameters=[], CommandType='"Text"', CommandTimeout='30']
SELECT OBJECT_ID(N'[__EFMigrationsHistory]');
2026-09-17 15:13:40.078 +03:00 [INF] [] Executed DbCommand (1ms) [Parameters=[], CommandType='"Text"', CommandTimeout='30']
SELECT [MigrationId], [ProductVersion]
FROM [__EFMigrationsHistory]
ORDER BY [MigrationId];
2026-09-17 15:13:40.094 +03:00 [INF] [] Applying migration '20260917115939_MakeGenreIdNonIdentity'.
2026-09-17 15:13:40.177 +03:00 [ERR] [] Failed executing DbCommand (4ms) [Parameters=[], CommandType='"Text"', CommandTimeout='30']
DROP TABLE [Genres];
2026-09-17 15:20:35.246 +03:00 [INF] [] Executed DbCommand (13ms) [Parameters=[], CommandType='"Text"', CommandTimeout='30']
SELECT 1
2026-09-17 15:20:35.291 +03:00 [INF] [] Executed DbCommand (8ms) [Parameters=[], CommandType='"Text"', CommandTimeout='30']
SELECT OBJECT_ID(N'[__EFMigrationsHistory]');
2026-09-17 15:20:35.292 +03:00 [INF] [] Executed DbCommand (1ms) [Parameters=[], CommandType='"Text"', CommandTimeout='30']
SELECT 1
2026-09-17 15:20:35.293 +03:00 [INF] [] Executed DbCommand (0ms) [Parameters=[], CommandType='"Text"', CommandTimeout='30']
SELECT OBJECT_ID(N'[__EFMigrationsHistory]');
2026-09-17 15:20:35.301 +03:00 [INF] [] Executed DbCommand (1ms) [Parameters=[], CommandType='"Text"', CommandTimeout='30']
SELECT [MigrationId], [ProductVersion]
FROM [__EFMigrationsHistory]
ORDER BY [MigrationId];
2026-09-17 15:20:35.314 +03:00 [INF] [] Applying migration '20260917115939_MakeGenreIdNonIdentity'.
2026-09-17 15:20:35.375 +03:00 [INF] [] Executed DbCommand (8ms) [Parameters=[], CommandType='"Text"', CommandTimeout='30']
ALTER TABLE [MovieGenres] DROP CONSTRAINT [FK_MovieGenres_Genres_GenreId];
2026-09-17 15:20:35.380 +03:00 [INF] [] Executed DbCommand (4ms) [Parameters=[], CommandType='"Text"', CommandTimeout='30']
DROP TABLE [Genres];
2026-09-17 15:20:35.382 +03:00 [INF] [] Executed DbCommand (2ms) [Parameters=[], CommandType='"Text"', CommandTimeout='30']
CREATE TABLE [Genres] (
    [Id] int NOT NULL,
    [Name] nvarchar(100) NOT NULL,
    CONSTRAINT [PK_Genres] PRIMARY KEY ([Id])
);
2026-09-17 15:20:35.383 +03:00 [INF] [] Executed DbCommand (1ms) [Parameters=[], CommandType='"Text"', CommandTimeout='30']
CREATE UNIQUE INDEX [IX_Genres_Name] ON [Genres] ([Name]);
2026-09-17 15:20:35.384 +03:00 [INF] [] Executed DbCommand (1ms) [Parameters=[], CommandType='"Text"', CommandTimeout='30']
ALTER TABLE [MovieGenres] ADD CONSTRAINT [FK_MovieGenres_Genres_GenreId] FOREIGN KEY ([GenreId]) REFERENCES [Genres] ([Id]) ON DELETE CASCADE;
2026-09-17 15:20:35.385 +03:00 [INF] [] Executed DbCommand (1ms) [Parameters=[], CommandType='"Text"', CommandTimeout='30']
INSERT INTO [__EFMigrationsHistory] ([MigrationId], [ProductVersion])
VALUES (N'20260917115939_MakeGenreIdNonIdentity', N'8.0.19');
2026-09-17 15:30:11.726 +03:00 [INF] [] User profile is available. Using 'C:\Users\aalhasani\AppData\Local\ASP.NET\DataProtection-Keys' as key repository and Windows DPAPI to encrypt keys at rest.
2026-09-17 15:30:11.923 +03:00 [WRN] [] The ASP.NET Core developer certificate is not trusted. For information about trusting the ASP.NET Core developer certificate, see https://aka.ms/aspnet/https-trust-dev-cert.
2026-09-17 15:30:11.978 +03:00 [INF] [] Now listening on: https://localhost:5001
2026-09-17 15:30:11.980 +03:00 [INF] [] Now listening on: http://localhost:5000
2026-09-17 15:30:12.092 +03:00 [INF] [] Application started. Press Ctrl+C to shut down.
2026-09-17 15:30:12.093 +03:00 [INF] [] Hosting environment: Development
2026-09-17 15:30:12.094 +03:00 [INF] [] Content root path: C:\Abdulmajeed_Project\ASP.NETCore\MovieManager\MovieManager.UI
2026-09-17 15:30:26.259 +03:00 [INF] [] Request starting HTTP/1.1 POST https://localhost:5001/api/v1/movies/sync-genres - application/json 0
2026-09-17 15:30:26.442 +03:00 [INF] [] Failed to validate the token.
Microsoft.IdentityModel.Tokens.SecurityTokenExpiredException: IDX10223: Lifetime validation failed. The token is expired. ValidTo (UTC): '9/17/2026 12:22:11 PM', Current time (UTC): '9/17/2026 12:30:26 PM'.
   at Microsoft.IdentityModel.Tokens.ValidatorUtilities.ValidateLifetime(Nullable`1 notBefore, Nullable`1 expires, SecurityToken securityToken, TokenValidationParameters validationParameters)
   at Microsoft.IdentityModel.Tokens.Validators.ValidateLifetime(Nullable`1 notBefore, Nullable`1 expires, SecurityToken securityToken, TokenValidationParameters validationParameters)
   at Microsoft.IdentityModel.JsonWebTokens.JsonWebTokenHandler.ValidateTokenPayloadAsync(JsonWebToken jsonWebToken, TokenValidationParameters validationParameters, BaseConfiguration configuration)
   at Microsoft.IdentityModel.JsonWebTokens.JsonWebTokenHandler.ValidateJWSAsync(JsonWebToken jsonWebToken, TokenValidationParameters validationParameters, BaseConfiguration configuration)
2026-09-17 15:30:26.461 +03:00 [INF] [] Bearer was not authenticated. Failure message: IDX10223: Lifetime validation failed. The token is expired. ValidTo (UTC): '9/17/2026 12:22:11 PM', Current time (UTC): '9/17/2026 12:30:26 PM'.
2026-09-17 15:30:26.467 +03:00 [INF] [] Executing endpoint 'MJDVerse.API.Controllers.MoviesController.SyncGenres (MJDVerse.API)'
2026-09-17 15:30:26.499 +03:00 [INF] [] Route matched with {action = "SyncGenres", controller = "Movies"}. Executing controller action with signature System.Threading.Tasks.Task`1[Microsoft.AspNetCore.Mvc.IActionResult] SyncGenres() on controller MJDVerse.API.Controllers.MoviesController (MJDVerse.API).
2026-09-17 15:30:26.669 +03:00 [INF] [] Start processing HTTP request GET https://api.themoviedb.org/3/genre/movie/list?*
2026-09-17 15:30:26.674 +03:00 [INF] [] Sending HTTP request GET https://api.themoviedb.org/3/genre/movie/list?*
2026-09-17 15:30:27.208 +03:00 [INF] [] Received HTTP response headers after 530.7145ms - 200
2026-09-17 15:30:27.212 +03:00 [INF] [] End processing HTTP request after 543.434ms - 200
2026-09-17 15:30:28.478 +03:00 [INF] [] Executed DbCommand (50ms) [Parameters=[@__p_0='?' (DbType = Int32)], CommandType='"Text"', CommandTimeout='30']
SELECT TOP(1) [g].[Id], [g].[Name]
FROM [Genres] AS [g]
WHERE [g].[Id] = @__p_0
2026-09-17 15:30:28.568 +03:00 [INF] [] Executed DbCommand (7ms) [Parameters=[@__p_0='?' (DbType = Int32)], CommandType='"Text"', CommandTimeout='30']
SELECT TOP(1) [g].[Id], [g].[Name]
FROM [Genres] AS [g]
WHERE [g].[Id] = @__p_0
2026-09-17 15:30:28.572 +03:00 [INF] [] Executed DbCommand (1ms) [Parameters=[@__p_0='?' (DbType = Int32)], CommandType='"Text"', CommandTimeout='30']
SELECT TOP(1) [g].[Id], [g].[Name]
FROM [Genres] AS [g]
WHERE [g].[Id] = @__p_0
2026-09-17 15:30:28.575 +03:00 [INF] [] Executed DbCommand (1ms) [Parameters=[@__p_0='?' (DbType = Int32)], CommandType='"Text"', CommandTimeout='30']
SELECT TOP(1) [g].[Id], [g].[Name]
FROM [Genres] AS [g]
WHERE [g].[Id] = @__p_0
2026-09-17 15:30:28.578 +03:00 [INF] [] Executed DbCommand (1ms) [Parameters=[@__p_0='?' (DbType = Int32)], CommandType='"Text"', CommandTimeout='30']
SELECT TOP(1) [g].[Id], [g].[Name]
FROM [Genres] AS [g]
WHERE [g].[Id] = @__p_0
2026-09-17 15:30:28.582 +03:00 [INF] [] Executed DbCommand (1ms) [Parameters=[@__p_0='?' (DbType = Int32)], CommandType='"Text"', CommandTimeout='30']
SELECT TOP(1) [g].[Id], [g].[Name]
FROM [Genres] AS [g]
WHERE [g].[Id] = @__p_0
2026-09-17 15:30:28.585 +03:00 [INF] [] Executed DbCommand (1ms) [Parameters=[@__p_0='?' (DbType = Int32)], CommandType='"Text"', CommandTimeout='30']
SELECT TOP(1) [g].[Id], [g].[Name]
FROM [Genres] AS [g]
WHERE [g].[Id] = @__p_0
2026-09-17 15:30:28.588 +03:00 [INF] [] Executed DbCommand (1ms) [Parameters=[@__p_0='?' (DbType = Int32)], CommandType='"Text"', CommandTimeout='30']
SELECT TOP(1) [g].[Id], [g].[Name]
FROM [Genres] AS [g]
WHERE [g].[Id] = @__p_0
2026-09-17 15:30:28.591 +03:00 [INF] [] Executed DbCommand (1ms) [Parameters=[@__p_0='?' (DbType = Int32)], CommandType='"Text"', CommandTimeout='30']
SELECT TOP(1) [g].[Id], [g].[Name]
FROM [Genres] AS [g]
WHERE [g].[Id] = @__p_0
2026-09-17 15:30:28.595 +03:00 [INF] [] Executed DbCommand (1ms) [Parameters=[@__p_0='?' (DbType = Int32)], CommandType='"Text"', CommandTimeout='30']
SELECT TOP(1) [g].[Id], [g].[Name]
FROM [Genres] AS [g]
WHERE [g].[Id] = @__p_0
2026-09-17 15:30:28.599 +03:00 [INF] [] Executed DbCommand (1ms) [Parameters=[@__p_0='?' (DbType = Int32)], CommandType='"Text"', CommandTimeout='30']
SELECT TOP(1) [g].[Id], [g].[Name]
FROM [Genres] AS [g]
WHERE [g].[Id] = @__p_0
2026-09-17 15:30:28.602 +03:00 [INF] [] Executed DbCommand (1ms) [Parameters=[@__p_0='?' (DbType = Int32)], CommandType='"Text"', CommandTimeout='30']
SELECT TOP(1) [g].[Id], [g].[Name]
FROM [Genres] AS [g]
WHERE [g].[Id] = @__p_0
2026-09-17 15:30:28.605 +03:00 [INF] [] Executed DbCommand (1ms) [Parameters=[@__p_0='?' (DbType = Int32)], CommandType='"Text"', CommandTimeout='30']
SELECT TOP(1) [g].[Id], [g].[Name]
FROM [Genres] AS [g]
WHERE [g].[Id] = @__p_0
2026-09-17 15:30:28.608 +03:00 [INF] [] Executed DbCommand (1ms) [Parameters=[@__p_0='?' (DbType = Int32)], CommandType='"Text"', CommandTimeout='30']
SELECT TOP(1) [g].[Id], [g].[Name]
FROM [Genres] AS [g]
WHERE [g].[Id] = @__p_0
2026-09-17 15:30:28.612 +03:00 [INF] [] Executed DbCommand (1ms) [Parameters=[@__p_0='?' (DbType = Int32)], CommandType='"Text"', CommandTimeout='30']
SELECT TOP(1) [g].[Id], [g].[Name]
FROM [Genres] AS [g]
WHERE [g].[Id] = @__p_0
2026-09-17 15:30:28.615 +03:00 [INF] [] Executed DbCommand (1ms) [Parameters=[@__p_0='?' (DbType = Int32)], CommandType='"Text"', CommandTimeout='30']
SELECT TOP(1) [g].[Id], [g].[Name]
FROM [Genres] AS [g]
WHERE [g].[Id] = @__p_0
2026-09-17 15:30:28.620 +03:00 [INF] [] Executed DbCommand (1ms) [Parameters=[@__p_0='?' (DbType = Int32)], CommandType='"Text"', CommandTimeout='30']
SELECT TOP(1) [g].[Id], [g].[Name]
FROM [Genres] AS [g]
WHERE [g].[Id] = @__p_0
2026-09-17 15:30:28.622 +03:00 [INF] [] Executed DbCommand (0ms) [Parameters=[@__p_0='?' (DbType = Int32)], CommandType='"Text"', CommandTimeout='30']
SELECT TOP(1) [g].[Id], [g].[Name]
FROM [Genres] AS [g]
WHERE [g].[Id] = @__p_0
2026-09-17 15:30:28.625 +03:00 [INF] [] Executed DbCommand (1ms) [Parameters=[@__p_0='?' (DbType = Int32)], CommandType='"Text"', CommandTimeout='30']
SELECT TOP(1) [g].[Id], [g].[Name]
FROM [Genres] AS [g]
WHERE [g].[Id] = @__p_0
2026-09-17 15:30:28.709 +03:00 [INF] [] Executed DbCommand (8ms) [Parameters=[@p0='?' (DbType = Int32), @p1='?' (Size = 100), @p2='?' (DbType = Int32), @p3='?' (Size = 100), @p4='?' (DbType = Int32), @p5='?' (Size = 100), @p6='?' (DbType = Int32), @p7='?' (Size = 100), @p8='?' (DbType = Int32), @p9='?' (Size = 100), @p10='?' (DbType = Int32), @p11='?' (Size = 100), @p12='?' (DbType = Int32), @p13='?' (Size = 100), @p14='?' (DbType = Int32), @p15='?' (Size = 100), @p16='?' (DbType = Int32), @p17='?' (Size = 100), @p18='?' (DbType = Int32), @p19='?' (Size = 100), @p20='?' (DbType = Int32), @p21='?' (Size = 100), @p22='?' (DbType = Int32), @p23='?' (Size = 100), @p24='?' (DbType = Int32), @p25='?' (Size = 100), @p26='?' (DbType = Int32), @p27='?' (Size = 100), @p28='?' (DbType = Int32), @p29='?' (Size = 100), @p30='?' (DbType = Int32), @p31='?' (Size = 100), @p32='?' (DbType = Int32), @p33='?' (Size = 100), @p34='?' (DbType = Int32), @p35='?' (Size = 100), @p36='?' (DbType = Int32), @p37='?' (Size = 100)], CommandType='"Text"', CommandTimeout='30']
SET IMPLICIT_TRANSACTIONS OFF;
SET NOCOUNT ON;
INSERT INTO [Genres] ([Id], [Name])
VALUES (@p0, @p1),
(@p2, @p3),
(@p4, @p5),
(@p6, @p7),
(@p8, @p9),
(@p10, @p11),
(@p12, @p13),
(@p14, @p15),
(@p16, @p17),
(@p18, @p19),
(@p20, @p21),
(@p22, @p23),
(@p24, @p25),
(@p26, @p27),
(@p28, @p29),
(@p30, @p31),
(@p32, @p33),
(@p34, @p35),
(@p36, @p37);
2026-09-17 15:30:28.727 +03:00 [INF] [] Executing OkObjectResult, writing value of type 'System.String'.
2026-09-17 15:30:28.746 +03:00 [INF] [] Executed action MJDVerse.API.Controllers.MoviesController.SyncGenres (MJDVerse.API) in 2238.6907ms
2026-09-17 15:30:28.748 +03:00 [INF] [] Executed endpoint 'MJDVerse.API.Controllers.MoviesController.SyncGenres (MJDVerse.API)'
2026-09-17 15:30:28.752 +03:00 [INF] [] HTTP POST /api/v1/movies/sync-genres responded 200 in 2466.9995 ms
2026-09-17 15:30:28.765 +03:00 [INF] [] Request finished HTTP/1.1 POST https://localhost:5001/api/v1/movies/sync-genres - 200 null text/plain; charset=utf-8 2519.7186ms
